-- phpMyAdmin SQL Dump
-- version 4.9.1
-- https://www.phpmyadmin.net/
--
-- Host: 127.0.0.1
-- Generation Time: Jan 20, 2020 at 09:29 PM
-- Server version: 10.4.8-MariaDB
-- PHP Version: 7.3.11

SET SQL_MODE = "NO_AUTO_VALUE_ON_ZERO";
SET AUTOCOMMIT = 0;
START TRANSACTION;
SET time_zone = "+00:00";

CREATE DATABASE  IF NOT EXISTS `edureka_cybersecurity`;
USE edureka_cybersecurity;
GRANT ALL ON edureka_cybersecurity.* to 'khalid'@'%' identified by 'khalid123';

/*!40101 SET @OLD_CHARACTER_SET_CLIENT=@@CHARACTER_SET_CLIENT */;
/*!40101 SET @OLD_CHARACTER_SET_RESULTS=@@CHARACTER_SET_RESULTS */;
/*!40101 SET @OLD_COLLATION_CONNECTION=@@COLLATION_CONNECTION */;
/*!40101 SET NAMES utf8mb4 */;

--
-- Database: `edureka_cybersecurity`
--

-- --------------------------------------------------------

--
-- Table structure for table `costcodes`
--

DROP TABLE IF EXISTS  `costcodes`;

CREATE TABLE IF NOT EXISTS `costcodes` (
  `costcodeid` int(11) NOT NULL,
  `cost` int(11) DEFAULT NULL
) ENGINE=InnoDB DEFAULT CHARSET=utf8mb4;


--
-- Dumping data for table `costcodes`
--

INSERT INTO `costcodes` (`costcodeid`, `cost`) VALUES
(103, 50879),
(104, 54272),
(105, 11465),
(107, 24657),
(108, 44748),
(109, 16740),
(111, 1723),
(112, 14376),
(113, 22398),
(114, 27490),
(116, 6281),
(118, 55974),
(119, 45337),
(121, 13243),
(122, 43590),
(124, 28602),
(125, 1181),
(126, 20154),
(127, 2297),
(128, 5718),
(129, 19573),
(131, 33769),
(132, 52561),
(135, 34355),
(136, 30845),
(137, 8057),
(138, 14377),
(140, 20155),
(141, 2298),
(143, 15519),
(145, 28078),
(146, 5158),
(148, 6282),
(149, 17309),
(150, 20703),
(151, 2299),
(152, 3496),
(153, 44134),
(155, 44749),
(158, 30253),
(162, 16118),
(164, 2904),
(166, 47554),
(167, 54273),
(168, 6850),
(169, 21826),
(171, 30254),
(175, 13809),
(179, 44750),
(182, 22975),
(185, 38322),
(188, 28079),
(190, 48667),
(191, 54274),
(192, 5159),
(195, 38323),
(196, 34356),
(197, 11466),
(198, 12629),
(199, 43045),
(200, 52562),
(203, 19574),
(204, 21827),
(207, 7462),
(210, 31452),
(211, 55418),
(212, 19575),
(216, 2905),
(219, 12630),
(220, 6283),
(224, 13244),
(225, 1),
(226, 8058),
(228, 49769),
(229, 5160),
(234, 44135),
(239, 26920),
(240, 50880),
(242, 16741),
(244, 1724),
(246, 37235),
(247, 50881),
(248, 55975),
(250, 15520),
(251, 42420),
(252, 25752),
(255, 10323),
(256, 32588),
(257, 7463),
(259, 36046),
(260, 13810),
(261, 5719),
(263, 45931),
(264, 26921),
(266, 17310),
(269, 19576),
(270, 34357),
(271, 48668),
(272, 15521),
(275, 30255),
(277, 43591),
(279, 13811),
(282, 25753),
(284, 31453),
(285, 20704),
(286, 2),
(287, 22976),
(288, 14940),
(289, 4592),
(290, 47555),
(291, 26922),
(292, 51442),
(294, 55976),
(295, 22977),
(296, 31454),
(297, 22978),
(298, 44136),
(301, 9739),
(308, 12050),
(311, 9740),
(313, 32589),
(314, 5161),
(316, 13812),
(320, 41259),
(322, 17311),
(323, 40038),
(324, 14378),
(325, 15522),
(326, 22399),
(327, 22400),
(328, 19577),
(330, 34358),
(331, 12051),
(333, 19024),
(337, 19025),
(340, 54275),
(342, 2300),
(345, 43592),
(346, 28080),
(347, 53125),
(348, 54276),
(349, 47556),
(352, 45932),
(354, 49770),
(356, 55419),
(358, 44751),
(360, 48120),
(361, 54277),
(362, 42421),
(363, 8607),
(365, 9150),
(366, 6284),
(367, 1182),
(370, 22979),
(372, 50882),
(374, 32590),
(376, 51443),
(377, 39494),
(378, 27491),
(380, 19026),
(382, 34944),
(383, 21279),
(384, 606),
(386, 26340),
(388, 11467),
(389, 27492),
(391, 51444),
(393, 18428),
(394, 21828),
(397, 50327),
(399, 40657),
(400, 16119),
(401, 607),
(402, 44752),
(403, 1183),
(407, 7464),
(408, 27493),
(409, 28081),
(410, 18429),
(411, 53713),
(414, 32591),
(418, 53714),
(422, 43593),
(425, 47012),
(431, 53126),
(433, 44137),
(434, 14379),
(437, 16742),
(439, 10873),
(440, 30846),
(442, 5162),
(443, 43594),
(447, 19578),
(448, 45338),
(450, 19027),
(452, 45339),
(453, 13245),
(454, 24069),
(455, 24658),
(457, 24659),
(458, 27494),
(459, 4593),
(460, 43046),
(462, 10874),
(464, 21829),
(465, 36634),
(466, 1184),
(467, 49221),
(468, 42422),
(470, 36047),
(472, 22401),
(478, 1185),
(480, 51445),
(481, 50328),
(484, 43595),
(486, 53715),
(488, 14941),
(489, 22980),
(490, 13246),
(492, 44753),
(493, 13247),
(495, 31455),
(498, 35509),
(500, 38324),
(501, 35510),
(505, 10875),
(506, 16743),
(507, 11468),
(509, 24070),
(512, 32592),
(514, 17864),
(516, 1725),
(517, 13248),
(519, 14380),
(520, 13249),
(522, 52563),
(523, 49222),
(524, 2301),
(527, 12631),
(529, 11469),
(531, 2906),
(532, 13813),
(533, 44754),
(537, 56544),
(538, 2907),
(542, 28082),
(544, 54861),
(546, 44138),
(548, 6285),
(549, 55420),
(551, 9151),
(554, 5720),
(556, 26923),
(560, 36635),
(561, 17865),
(565, 9741),
(567, 54862),
(570, 36048),
(571, 17312),
(574, 34945),
(575, 38905),
(577, 18430),
(579, 11470),
(581, 32593),
(582, 28603),
(583, 55421),
(585, 50329),
(586, 608),
(587, 3497),
(589, 23514),
(592, 10876),
(593, 29143),
(594, 37236),
(596, 47557),
(599, 31456),
(600, 609),
(601, 50330),
(602, 55977),
(603, 22981),
(604, 49771),
(605, 12632),
(608, 41812),
(611, 39495),
(614, 48121),
(615, 44755),
(619, 18431),
(620, 30256),
(621, 36049),
(622, 12052),
(623, 3498),
(625, 35511),
(626, 36636),
(627, 20156),
(628, 50883),
(629, 33770),
(631, 10324),
(632, 44756),
(634, 15523),
(635, 27495),
(637, 7465),
(638, 29723),
(639, 22402),
(641, 54863),
(642, 36050),
(644, 5163),
(645, 20157),
(646, 9742),
(647, 36637),
(648, 27496),
(649, 45340),
(651, 25754),
(653, 31457),
(654, 47558),
(655, 8059),
(658, 51446),
(659, 6286),
(660, 54278),
(665, 7466),
(667, 46456),
(670, 41260),
(672, 45341),
(674, 44139),
(676, 40039),
(680, 9743),
(682, 48122),
(683, 40040),
(684, 12053),
(688, 41261),
(689, 610),
(692, 32594),
(695, 34946),
(696, 53716),
(697, 26924),
(699, 5164),
(701, 30847),
(704, 17866),
(706, 33147),
(707, 47013),
(709, 45342),
(711, 25755),
(712, 2302),
(714, 4594),
(720, 19579),
(722, 29144),
(724, 9152),
(726, 13814),
(728, 39496),
(730, 44140),
(731, 24071),
(734, 45343),
(737, 5165),
(741, 43047),
(745, 50884),
(746, 48123),
(747, 24072),
(750, 43596),
(751, 29724),
(753, 23515),
(754, 40658),
(755, 49772),
(756, 33771),
(758, 39497),
(759, 38325),
(761, 28604),
(763, 13250),
(766, 32019),
(767, 33148),
(768, 30848),
(769, 3499),
(771, 21830),
(773, 10325),
(774, 44141),
(776, 50885),
(777, 26925),
(778, 50886),
(780, 45344),
(782, 37778),
(783, 37237),
(784, 30849),
(785, 36051),
(786, 24660),
(788, 4595),
(793, 7467),
(794, 19580),
(795, 1186),
(798, 41813),
(799, 20705),
(800, 39498),
(801, 48669),
(802, 25756),
(805, 36638),
(807, 14942),
(808, 27497),
(809, 28083),
(810, 16120),
(812, 18432),
(813, 18433),
(814, 22982),
(815, 43597),
(816, 48124),
(817, 15524),
(819, 25757),
(821, 47014),
(823, 34359),
(824, 12633),
(826, 54279),
(831, 6287),
(834, 51447),
(835, 20158),
(839, 42423),
(840, 1187),
(841, 39499),
(842, 2908),
(843, 10326),
(845, 33149),
(846, 24073),
(848, 53717),
(850, 6288),
(851, 53718),
(852, 3),
(853, 45933),
(855, 5721),
(860, 36639),
(862, 22403),
(868, 24661),
(869, 34947),
(872, 5722),
(873, 6289),
(874, 37238),
(876, 53127),
(877, 46457),
(878, 43598),
(880, 41262),
(882, 49223),
(884, 55422),
(887, 19581),
(889, 22983),
(890, 41263),
(891, 4),
(892, 17867),
(893, 25194),
(894, 5723),
(895, 3500),
(896, 10877),
(897, 52564),
(898, 29725),
(900, 21280),
(901, 44757),
(905, 10327),
(906, 40041),
(907, 55978),
(909, 611),
(913, 13815),
(916, 17313),
(919, 50887),
(920, 44758),
(921, 14381),
(922, 23516),
(923, 21281),
(924, 51985),
(927, 54864),
(929, 4020),
(930, 51986),
(931, 49773),
(932, 5724),
(933, 2303),
(934, 1726),
(937, 47015),
(940, 38326),
(943, 23517),
(948, 37239),
(949, 54280),
(951, 37779),
(953, 40042),
(954, 14382),
(955, 24074),
(957, 2909),
(958, 4021),
(961, 7468),
(962, 9153),
(963, 26926),
(964, 8608),
(965, 26341),
(966, 36052),
(967, 35512),
(968, 6851),
(969, 34360),
(970, 20706),
(971, 46458),
(972, 31458),
(973, 53128),
(974, 30850),
(977, 20159),
(981, 34361),
(982, 22984),
(988, 14943),
(989, 36640),
(990, 24075),
(991, 18434),
(992, 42424),
(993, 50888),
(995, 40659),
(997, 37780),
(999, 55979),
(1000, 20160),
(1002, 17314),
(1003, 16121),
(1004, 37240),
(1005, 5),
(1006, 32020),
(1010, 29726),
(1011, 37241),
(1012, 27498),
(1015, 4022),
(1016, 2910),
(1020, 36053),
(1022, 4596),
(1025, 53719),
(1028, 4597),
(1029, 26342),
(1030, 3501),
(1033, 42425),
(1034, 26343),
(1035, 5725),
(1036, 20161),
(1039, 36054),
(1040, 612),
(1041, 51987),
(1045, 50331),
(1048, 9744),
(1049, 9154),
(1050, 3502),
(1052, 16122),
(1053, 2911),
(1055, 30851),
(1056, 28605),
(1057, 12634),
(1059, 38906),
(1060, 24076),
(1061, 24077),
(1062, 36641),
(1063, 15525),
(1064, 18435),
(1065, 31459),
(1067, 24662),
(1068, 33772),
(1069, 46459),
(1070, 54281),
(1072, 55980),
(1074, 30257),
(1077, 41264),
(1080, 7469),
(1081, 23518),
(1084, 25195),
(1086, 40043),
(1088, 25196),
(1089, 16123),
(1090, 16124),
(1091, 40044),
(1092, 8060),
(1093, 43048),
(1095, 17315),
(1097, 48670),
(1099, 16744),
(1101, 41265),
(1102, 46460),
(1105, 49774),
(1107, 38327),
(1112, 36642),
(1113, 2912),
(1115, 55423),
(1118, 14383),
(1119, 2913),
(1120, 32595),
(1124, 5726),
(1125, 25758),
(1127, 30852),
(1129, 28606),
(1131, 53129),
(1132, 5727),
(1133, 10878),
(1134, 30258),
(1136, 10328),
(1137, 2304),
(1138, 9745),
(1139, 29145),
(1140, 3503),
(1143, 40660),
(1144, 36055),
(1145, 41266),
(1146, 12054),
(1147, 6852),
(1149, 42426),
(1150, 6853),
(1153, 43599),
(1156, 9155),
(1157, 14384),
(1162, 27499),
(1163, 42427),
(1164, 13251),
(1165, 53720),
(1167, 15526),
(1169, 26344),
(1170, 38907),
(1171, 49775),
(1173, 25197),
(1174, 48671),
(1175, 44759),
(1176, 2914),
(1178, 56545),
(1180, 48672),
(1181, 37242),
(1182, 54865),
(1183, 12635),
(1184, 22985),
(1186, 9746),
(1188, 37243),
(1189, 54282),
(1192, 25759),
(1195, 7470),
(1196, 35513),
(1199, 34362),
(1201, 16125),
(1202, 41814),
(1207, 22404),
(1208, 21831),
(1209, 37781),
(1211, 25760),
(1213, 6290),
(1214, 2305),
(1215, 47016),
(1221, 18436),
(1224, 1188),
(1225, 17868),
(1228, 36643),
(1229, 29727),
(1230, 18437),
(1231, 51448),
(1237, 19582),
(1238, 35514),
(1239, 53721),
(1240, 5166),
(1241, 19028),
(1243, 34948),
(1244, 12055),
(1247, 23519),
(1248, 53130),
(1250, 36644),
(1251, 4023),
(1253, 25198),
(1254, 49776),
(1256, 33150),
(1257, 48125),
(1258, 28084),
(1259, 20707),
(1261, 14944),
(1262, 5728),
(1265, 25761),
(1266, 18438),
(1267, 30259),
(1268, 43600),
(1269, 9747),
(1270, 27500),
(1271, 56546),
(1273, 21832),
(1274, 8061),
(1275, 9156),
(1278, 1727),
(1280, 1189),
(1283, 17316),
(1285, 13816),
(1287, 48126),
(1288, 25762),
(1289, 27501),
(1291, 13252),
(1292, 5729),
(1294, 21282),
(1297, 29146),
(1298, 48127),
(1303, 37244),
(1304, 25199),
(1307, 6854),
(1308, 43049),
(1309, 36056),
(1311, 27502),
(1313, 19583),
(1314, 13817),
(1315, 31460),
(1316, 5167),
(1317, 43601),
(1319, 28085),
(1320, 4598),
(1321, 44142),
(1322, 10879),
(1323, 44143),
(1325, 24663),
(1326, 14385),
(1327, 49224),
(1328, 52565),
(1329, 55981),
(1330, 9748),
(1332, 42428),
(1334, 44760),
(1335, 21283),
(1339, 6),
(1340, 53722),
(1343, 26345),
(1345, 40661),
(1346, 45345),
(1348, 22986),
(1349, 31461),
(1350, 53723),
(1351, 35515),
(1352, 21284),
(1353, 14945),
(1355, 13253),
(1358, 22405),
(1359, 7),
(1360, 36057),
(1361, 10880),
(1364, 13254),
(1365, 45346),
(1366, 49777),
(1367, 22987),
(1368, 7471),
(1369, 1728),
(1370, 42429),
(1372, 24078),
(1373, 21833),
(1374, 54283),
(1375, 26927),
(1376, 35516),
(1378, 19029),
(1381, 16126),
(1383, 16127),
(1384, 44144),
(1385, 19030),
(1387, 22988),
(1388, 9749),
(1390, 5730),
(1391, 16745),
(1392, 27503),
(1393, 34949),
(1394, 20708),
(1395, 53131),
(1396, 25763),
(1397, 36645),
(1398, 50332),
(1399, 613),
(1401, 21834),
(1402, 20162),
(1403, 46461),
(1406, 41815),
(1410, 49225),
(1411, 54284),
(1413, 26346),
(1414, 45934),
(1415, 56547),
(1417, 48673),
(1418, 40045),
(1419, 8062),
(1420, 4599),
(1422, 7472),
(1423, 4024),
(1424, 20709),
(1428, 35517),
(1431, 26347),
(1433, 4025),
(1434, 48674),
(1437, 51449),
(1438, 2306),
(1439, 16128),
(1440, 54866),
(1443, 47559),
(1444, 27504),
(1445, 17317),
(1446, 19584),
(1451, 29147),
(1455, 27505),
(1457, 29148),
(1458, 1729),
(1463, 19031),
(1464, 36058),
(1465, 6855),
(1466, 3504),
(1468, 19032),
(1469, 11471),
(1471, 41816),
(1474, 49226),
(1475, 36646),
(1478, 33773),
(1479, 29149),
(1480, 38908),
(1482, 19585),
(1483, 42430),
(1485, 34950),
(1486, 1730),
(1487, 37782),
(1488, 23520),
(1489, 33774),
(1490, 4600),
(1492, 41267),
(1494, 50333),
(1496, 36059),
(1498, 2915),
(1500, 6856),
(1502, 48675),
(1506, 56548),
(1508, 8609),
(1511, 8),
(1513, 34363),
(1514, 33775),
(1517, 46462),
(1518, 16129),
(1520, 36647),
(1521, 41817),
(1525, 19033),
(1526, 8063),
(1527, 8610),
(1528, 42431),
(1530, 38328),
(1531, 25200),
(1532, 34364),
(1533, 6857),
(1535, 47560),
(1536, 8611),
(1537, 37245),
(1538, 55424),
(1539, 9750),
(1540, 20163),
(1541, 54285),
(1543, 51450),
(1545, 42432),
(1548, 41818),
(1549, 30260),
(1550, 12056),
(1551, 5168),
(1552, 44761),
(1554, 30261),
(1555, 41819),
(1556, 12636),
(1557, 38909),
(1559, 32596),
(1560, 12057),
(1563, 17318),
(1564, 53724),
(1565, 8064),
(1566, 36648),
(1567, 50334),
(1571, 36060),
(1573, 22989),
(1574, 43050),
(1578, 13255),
(1579, 37783),
(1580, 51988),
(1583, 22990),
(1585, 5169),
(1586, 7473),
(1587, 3505),
(1588, 29728),
(1589, 2307),
(1591, 7474),
(1595, 37784),
(1596, 29729),
(1597, 5170),
(1598, 30853),
(1599, 1731),
(1600, 9751),
(1603, 47017),
(1604, 12637),
(1606, 45347),
(1608, 46463),
(1609, 28086),
(1610, 34365),
(1612, 43051),
(1615, 48128),
(1618, 26928),
(1619, 37785),
(1621, 35518),
(1622, 36061),
(1625, 37786),
(1627, 20710),
(1628, 9157),
(1630, 43602),
(1631, 54867),
(1632, 16130),
(1633, 25764),
(1635, 24664),
(1637, 1190),
(1638, 50889),
(1639, 17319),
(1640, 4026),
(1646, 24665),
(1647, 4601),
(1648, 45348),
(1649, 36649),
(1650, 56549),
(1652, 55425),
(1653, 31462),
(1654, 26348),
(1655, 36650),
(1656, 16746),
(1657, 30854),
(1658, 40046),
(1660, 21835),
(1661, 28607),
(1663, 8065),
(1665, 16131),
(1666, 49227),
(1668, 37787),
(1670, 10881),
(1671, 38329),
(1673, 50890),
(1677, 5171),
(1679, 11472),
(1682, 43052),
(1683, 24666),
(1684, 4027),
(1685, 33151),
(1686, 14946),
(1687, 19586),
(1690, 1732),
(1691, 41268),
(1692, 54868),
(1693, 37246),
(1694, 24079),
(1695, 39500),
(1696, 4028),
(1697, 26349),
(1699, 44145),
(1700, 4029),
(1701, 41269),
(1704, 15527),
(1707, 48676),
(1709, 43603),
(1711, 6858),
(1712, 27506),
(1714, 31463),
(1715, 5172),
(1717, 37788),
(1718, 5173),
(1720, 11473),
(1723, 54286),
(1724, 51451),
(1725, 9158),
(1733, 24667),
(1734, 15528),
(1735, 20711),
(1738, 5731),
(1739, 9),
(1741, 50335),
(1743, 6859),
(1746, 33152),
(1747, 32597),
(1750, 12058),
(1751, 44146),
(1753, 11474),
(1755, 2916),
(1757, 2308),
(1758, 32021),
(1760, 24080),
(1761, 3506),
(1762, 21285),
(1764, 24081),
(1765, 51452),
(1767, 23521),
(1769, 47018),
(1770, 10),
(1771, 55982),
(1772, 14386),
(1773, 39501),
(1774, 41820),
(1775, 31464),
(1776, 54869),
(1777, 42433),
(1778, 53725),
(1781, 56550),
(1787, 30262),
(1789, 37247),
(1795, 21286),
(1798, 16132),
(1799, 14947),
(1800, 43604),
(1802, 5732),
(1806, 22991),
(1807, 53132),
(1808, 21836),
(1809, 32022),
(1810, 9752),
(1811, 29150),
(1812, 10882),
(1813, 51453),
(1814, 1733),
(1815, 50891),
(1816, 26929),
(1819, 26350),
(1821, 45935),
(1824, 4602),
(1826, 19587),
(1828, 4030),
(1833, 51989);


DROP TABLE IF EXISTS `itemcostcodes`;

CREATE TABLE IF NOT EXISTS `itemcostcodes` (
  `costcodeid` int(11) DEFAULT NULL,
  `cost` int(11) DEFAULT NULL
) ENGINE=InnoDB DEFAULT CHARSET=utf8mb4;



--
-- Dumping data for table `itemcostcodes`
--

INSERT INTO `itemcostcodes` (`costcodeid`, `cost`) VALUES
(103, 50879),
(104, 54272),
(105, 11465),
(105, 11465),
(105, 11465),
(107, 24657),
(107, 24657),
(108, 44748),
(108, 44748),
(109, 16740),
(109, 16740),
(111, 1723),
(112, 14376),
(113, 22398),
(113, 22398),
(114, 27490),
(116, 6281),
(116, 6281),
(118, 55974),
(119, 45337),
(119, 45337),
(121, 13243),
(121, 13243),
(122, 43590),
(122, 43590),
(124, 28602),
(125, 1181),
(126, 20154),
(127, 2297),
(127, 2297),
(127, 2297),
(128, 5718),
(128, 5718),
(128, 5718),
(129, 19573),
(131, 33769),
(132, 52561),
(135, 34355),
(136, 30845),
(136, 30845),
(137, 8057),
(138, 14377),
(140, 20155),
(140, 20155),
(141, 2298),
(141, 2298),
(143, 15519),
(145, 28078),
(145, 28078),
(146, 5158),
(148, 6282),
(149, 17309),
(149, 17309),
(150, 20703),
(151, 2299),
(151, 2299),
(152, 3496),
(152, 3496),
(153, 44134),
(155, 44749),
(158, 30253),
(162, 16118),
(164, 2904),
(166, 47554),
(167, 54273),
(168, 6850),
(169, 21826),
(171, 30254),
(175, 13809),
(179, 44750),
(179, 44750),
(182, 22975),
(185, 38322),
(185, 38322),
(188, 28079),
(190, 48667),
(190, 48667),
(191, 54274),
(191, 54274),
(192, 5159),
(195, 38323),
(195, 38323),
(195, 38323),
(196, 34356),
(197, 11466),
(198, 12629),
(199, 43045),
(200, 52562),
(203, 19574),
(204, 21827),
(207, 7462),
(210, 31452),
(211, 55418),
(212, 19575),
(216, 2905),
(219, 12630),
(220, 6283),
(224, 13244),
(225, 1),
(226, 8058),
(226, 8058),
(228, 49769),
(228, 49769),
(229, 5160),
(234, 44135),
(239, 26920),
(240, 50880),
(240, 50880),
(240, 50880),
(242, 16741),
(244, 1724),
(246, 37235),
(246, 37235),
(247, 50881),
(247, 50881),
(248, 55975),
(250, 15520),
(250, 15520),
(251, 42420),
(252, 25752),
(255, 10323),
(256, 32588),
(257, 7463),
(259, 36046),
(260, 13810),
(260, 13810),
(261, 5719),
(261, 5719),
(261, 5719),
(263, 45931),
(264, 26921),
(266, 17310),
(269, 19576),
(270, 34357),
(271, 48668),
(271, 48668),
(272, 15521),
(275, 30255),
(275, 30255),
(277, 43591),
(277, 43591),
(279, 13811),
(282, 25753),
(284, 31453),
(284, 31453),
(284, 31453),
(285, 20704),
(286, 2),
(287, 22976),
(287, 22976),
(288, 14940),
(289, 4592),
(289, 4592),
(290, 47555),
(291, 26922),
(292, 51442),
(292, 51442),
(292, 51442),
(294, 55976),
(294, 55976),
(295, 22977),
(295, 22977),
(296, 31454),
(297, 22978),
(298, 44136),
(298, 44136),
(301, 9739),
(308, 12050),
(311, 9740),
(313, 32589),
(314, 5161),
(314, 5161),
(316, 13812),
(320, 41259),
(322, 17311),
(323, 40038),
(323, 40038),
(324, 14378),
(324, 14378),
(325, 15522),
(326, 22399),
(327, 22400),
(328, 19577),
(328, 19577),
(328, 19577),
(330, 34358),
(331, 12051),
(333, 19024),
(337, 19025),
(340, 54275),
(340, 54275),
(342, 2300),
(345, 43592),
(346, 28080),
(347, 53125),
(348, 54276),
(349, 47556),
(349, 47556),
(352, 45932),
(354, 49770),
(356, 55419),
(358, 44751),
(360, 48120),
(361, 54277),
(362, 42421),
(363, 8607),
(365, 9150),
(365, 9150),
(366, 6284),
(366, 6284),
(367, 1182),
(370, 22979),
(372, 50882),
(372, 50882),
(372, 50882),
(374, 32590),
(376, 51443),
(376, 51443),
(376, 51443),
(377, 39494),
(377, 39494),
(378, 27491),
(378, 27491),
(380, 19026),
(382, 34944),
(382, 34944),
(383, 21279),
(383, 21279),
(384, 606),
(386, 26340),
(388, 11467),
(388, 11467),
(389, 27492),
(391, 51444),
(393, 18428),
(393, 18428),
(393, 18428),
(394, 21828),
(397, 50327),
(397, 50327),
(399, 40657),
(400, 16119),
(400, 16119),
(401, 607),
(402, 44752),
(402, 44752),
(403, 1183),
(407, 7464),
(407, 7464),
(408, 27493),
(408, 27493),
(408, 27493),
(409, 28081),
(409, 28081),
(409, 28081),
(410, 18429),
(410, 18429),
(411, 53713),
(414, 32591),
(418, 53714),
(418, 53714),
(422, 43593),
(422, 43593),
(425, 47012),
(431, 53126),
(431, 53126),
(431, 53126),
(431, 53126),
(433, 44137),
(434, 14379),
(437, 16742),
(439, 10873),
(439, 10873),
(440, 30846),
(442, 5162),
(443, 43594),
(443, 43594),
(447, 19578),
(448, 45338),
(450, 19027),
(452, 45339),
(452, 45339),
(453, 13245),
(454, 24069),
(455, 24658),
(455, 24658),
(457, 24659),
(458, 27494),
(459, 4593),
(459, 4593),
(459, 4593),
(460, 43046),
(460, 43046),
(462, 10874),
(464, 21829),
(464, 21829),
(465, 36634),
(466, 1184),
(466, 1184),
(467, 49221),
(468, 42422),
(468, 42422),
(470, 36047),
(470, 36047),
(472, 22401),
(478, 1185),
(480, 51445),
(481, 50328),
(481, 50328),
(481, 50328),
(484, 43595),
(486, 53715),
(488, 14941),
(488, 14941),
(488, 14941),
(489, 22980),
(490, 13246),
(492, 44753),
(493, 13247),
(495, 31455),
(498, 35509),
(500, 38324),
(500, 38324),
(501, 35510),
(501, 35510),
(505, 10875),
(506, 16743),
(506, 16743),
(506, 16743),
(506, 16743),
(507, 11468),
(509, 24070),
(509, 24070),
(509, 24070),
(512, 32592),
(514, 17864),
(514, 17864),
(516, 1725),
(517, 13248),
(517, 13248),
(519, 14380),
(519, 14380),
(519, 14380),
(520, 13249),
(520, 13249),
(522, 52563),
(523, 49222),
(524, 2301),
(527, 12631),
(529, 11469),
(531, 2906),
(532, 13813),
(532, 13813),
(533, 44754),
(537, 56544),
(538, 2907),
(542, 28082),
(542, 28082),
(544, 54861),
(546, 44138),
(546, 44138),
(548, 6285),
(549, 55420),
(549, 55420),
(551, 9151),
(554, 5720),
(554, 5720),
(556, 26923),
(560, 36635),
(560, 36635),
(560, 36635),
(560, 36635),
(561, 17865),
(565, 9741),
(567, 54862),
(570, 36048),
(570, 36048),
(571, 17312),
(574, 34945),
(574, 34945),
(575, 38905),
(577, 18430),
(579, 11470),
(581, 32593),
(581, 32593),
(581, 32593),
(581, 32593),
(582, 28603),
(582, 28603),
(583, 55421),
(585, 50329),
(586, 608),
(587, 3497),
(587, 3497),
(589, 23514),
(592, 10876),
(593, 29143),
(594, 37236),
(596, 47557),
(599, 31456),
(600, 609),
(601, 50330),
(602, 55977),
(603, 22981),
(604, 49771),
(604, 49771),
(605, 12632),
(605, 12632),
(608, 41812),
(611, 39495),
(614, 48121),
(614, 48121),
(615, 44755),
(619, 18431),
(620, 30256),
(621, 36049),
(622, 12052),
(622, 12052),
(623, 3498),
(625, 35511),
(625, 35511),
(625, 35511),
(625, 35511),
(626, 36636),
(626, 36636),
(627, 20156),
(628, 50883),
(629, 33770),
(631, 10324),
(632, 44756),
(634, 15523),
(635, 27495),
(637, 7465),
(638, 29723),
(639, 22402),
(641, 54863),
(642, 36050),
(642, 36050),
(644, 5163),
(645, 20157),
(646, 9742),
(647, 36637),
(648, 27496),
(649, 45340),
(649, 45340),
(651, 25754),
(651, 25754),
(653, 31457),
(654, 47558),
(655, 8059),
(658, 51446),
(659, 6286),
(660, 54278),
(665, 7466),
(665, 7466),
(667, 46456),
(670, 41260),
(672, 45341),
(674, 44139),
(674, 44139),
(674, 44139),
(676, 40039),
(680, 9743),
(682, 48122),
(683, 40040),
(683, 40040),
(684, 12053),
(684, 12053),
(688, 41261),
(688, 41261),
(689, 610),
(692, 32594),
(695, 34946),
(696, 53716),
(697, 26924),
(699, 5164),
(701, 30847),
(701, 30847),
(704, 17866),
(706, 33147),
(707, 47013),
(709, 45342),
(711, 25755),
(712, 2302),
(714, 4594),
(720, 19579),
(722, 29144),
(724, 9152),
(726, 13814),
(726, 13814),
(726, 13814),
(726, 13814),
(728, 39496),
(730, 44140),
(731, 24071),
(734, 45343),
(734, 45343),
(737, 5165),
(737, 5165),
(741, 43047),
(745, 50884),
(746, 48123),
(747, 24072),
(750, 43596),
(751, 29724),
(751, 29724),
(751, 29724),
(753, 23515),
(753, 23515),
(754, 40658),
(754, 40658),
(755, 49772),
(755, 49772),
(756, 33771),
(756, 33771),
(758, 39497),
(759, 38325),
(761, 28604),
(761, 28604),
(761, 28604),
(763, 13250),
(763, 13250),
(766, 32019),
(767, 33148),
(768, 30848),
(769, 3499),
(771, 21830),
(773, 10325),
(774, 44141),
(774, 44141),
(776, 50885),
(777, 26925),
(777, 26925),
(778, 50886),
(778, 50886),
(778, 50886),
(780, 45344),
(782, 37778),
(783, 37237),
(784, 30849),
(785, 36051),
(786, 24660),
(788, 4595),
(793, 7467),
(794, 19580),
(794, 19580),
(795, 1186),
(795, 1186),
(798, 41813),
(798, 41813),
(799, 20705),
(799, 20705),
(799, 20705),
(800, 39498),
(801, 48669),
(801, 48669),
(802, 25756),
(802, 25756),
(805, 36638),
(807, 14942),
(808, 27497),
(808, 27497),
(808, 27497),
(809, 28083),
(810, 16120),
(812, 18432),
(812, 18432),
(812, 18432),
(812, 18432),
(812, 18432),
(813, 18433),
(814, 22982),
(814, 22982),
(815, 43597),
(816, 48124),
(817, 15524),
(819, 25757),
(821, 47014),
(823, 34359),
(824, 12633),
(824, 12633),
(824, 12633),
(826, 54279),
(831, 6287),
(834, 51447),
(835, 20158),
(835, 20158),
(839, 42423),
(839, 42423),
(839, 42423),
(840, 1187),
(841, 39499),
(842, 2908),
(843, 10326),
(845, 33149),
(846, 24073),
(848, 53717),
(850, 6288),
(851, 53718),
(851, 53718),
(851, 53718),
(852, 3),
(853, 45933),
(855, 5721),
(860, 36639),
(862, 22403),
(868, 24661),
(869, 34947),
(872, 5722),
(873, 6289),
(874, 37238),
(876, 53127),
(877, 46457),
(877, 46457),
(878, 43598),
(880, 41262),
(882, 49223),
(882, 49223),
(884, 55422),
(887, 19581),
(889, 22983),
(890, 41263),
(890, 41263),
(891, 4),
(891, 4),
(892, 17867),
(892, 17867),
(892, 17867),
(892, 17867),
(893, 25194),
(893, 25194),
(894, 5723),
(895, 3500),
(896, 10877),
(897, 52564),
(897, 52564),
(898, 29725),
(900, 21280),
(901, 44757),
(905, 10327),
(905, 10327),
(906, 40041),
(907, 55978),
(909, 611),
(909, 611),
(913, 13815),
(916, 17313),
(916, 17313),
(919, 50887),
(920, 44758),
(921, 14381),
(921, 14381),
(922, 23516),
(923, 21281),
(923, 21281),
(924, 51985),
(924, 51985),
(927, 54864),
(929, 4020),
(930, 51986),
(930, 51986),
(931, 49773),
(932, 5724),
(932, 5724),
(933, 2303),
(933, 2303),
(934, 1726),
(934, 1726),
(937, 47015),
(940, 38326),
(943, 23517),
(948, 37239),
(948, 37239),
(949, 54280),
(949, 54280),
(951, 37779),
(953, 40042),
(953, 40042),
(953, 40042),
(953, 40042),
(954, 14382),
(954, 14382),
(955, 24074),
(957, 2909),
(958, 4021),
(958, 4021),
(961, 7468),
(961, 7468),
(962, 9153),
(963, 26926),
(963, 26926),
(964, 8608),
(964, 8608),
(965, 26341),
(965, 26341),
(966, 36052),
(966, 36052),
(966, 36052),
(967, 35512),
(968, 6851),
(969, 34360),
(970, 20706),
(971, 46458),
(971, 46458),
(972, 31458),
(973, 53128),
(974, 30850),
(977, 20159),
(977, 20159),
(981, 34361),
(981, 34361),
(982, 22984),
(988, 14943),
(988, 14943),
(989, 36640),
(990, 24075),
(991, 18434),
(992, 42424),
(993, 50888),
(995, 40659),
(995, 40659),
(995, 40659),
(997, 37780),
(997, 37780),
(999, 55979),
(1000, 20160),
(1002, 17314),
(1003, 16121),
(1003, 16121),
(1003, 16121),
(1004, 37240),
(1005, 5),
(1005, 5),
(1006, 32020),
(1010, 29726),
(1010, 29726),
(1010, 29726),
(1011, 37241),
(1012, 27498),
(1015, 4022),
(1016, 2910),
(1016, 2910),
(1020, 36053),
(1022, 4596),
(1025, 53719),
(1025, 53719),
(1028, 4597),
(1029, 26342),
(1030, 3501),
(1030, 3501),
(1030, 3501),
(1030, 3501),
(1033, 42425),
(1034, 26343),
(1035, 5725),
(1036, 20161),
(1036, 20161),
(1039, 36054),
(1040, 612),
(1041, 51987),
(1041, 51987),
(1045, 50331),
(1048, 9744),
(1048, 9744),
(1049, 9154),
(1050, 3502),
(1052, 16122),
(1052, 16122),
(1052, 16122),
(1053, 2911),
(1055, 30851),
(1055, 30851),
(1056, 28605),
(1057, 12634),
(1059, 38906),
(1060, 24076),
(1060, 24076),
(1061, 24077),
(1062, 36641),
(1062, 36641),
(1063, 15525),
(1064, 18435),
(1065, 31459),
(1065, 31459),
(1067, 24662),
(1067, 24662),
(1068, 33772),
(1068, 33772),
(1068, 33772),
(1069, 46459),
(1070, 54281),
(1072, 55980),
(1072, 55980),
(1074, 30257),
(1074, 30257),
(1077, 41264),
(1077, 41264),
(1080, 7469),
(1081, 23518),
(1084, 25195),
(1084, 25195),
(1086, 40043),
(1088, 25196),
(1089, 16123),
(1089, 16123),
(1090, 16124),
(1090, 16124),
(1090, 16124),
(1091, 40044),
(1092, 8060),
(1093, 43048),
(1093, 43048),
(1095, 17315),
(1095, 17315),
(1095, 17315),
(1097, 48670),
(1099, 16744),
(1101, 41265),
(1102, 46460),
(1105, 49774),
(1107, 38327),
(1112, 36642),
(1112, 36642),
(1113, 2912),
(1115, 55423),
(1115, 55423),
(1115, 55423),
(1115, 55423),
(1118, 14383),
(1119, 2913),
(1119, 2913),
(1119, 2913),
(1119, 2913),
(1119, 2913),
(1120, 32595),
(1124, 5726),
(1124, 5726),
(1125, 25758),
(1127, 30852),
(1129, 28606),
(1131, 53129),
(1132, 5727),
(1133, 10878),
(1133, 10878),
(1134, 30258),
(1134, 30258),
(1136, 10328),
(1137, 2304),
(1138, 9745),
(1139, 29145),
(1140, 3503),
(1140, 3503),
(1143, 40660),
(1144, 36055),
(1145, 41266),
(1146, 12054),
(1146, 12054),
(1147, 6852),
(1149, 42426),
(1149, 42426),
(1149, 42426),
(1150, 6853),
(1150, 6853),
(1153, 43599),
(1153, 43599),
(1156, 9155),
(1156, 9155),
(1157, 14384),
(1162, 27499),
(1162, 27499),
(1163, 42427),
(1164, 13251),
(1165, 53720),
(1167, 15526),
(1169, 26344),
(1170, 38907),
(1170, 38907),
(1171, 49775),
(1173, 25197),
(1174, 48671),
(1174, 48671),
(1175, 44759),
(1176, 2914),
(1178, 56545),
(1180, 48672),
(1180, 48672),
(1181, 37242),
(1182, 54865),
(1183, 12635),
(1184, 22985),
(1186, 9746),
(1188, 37243),
(1189, 54282),
(1192, 25759),
(1192, 25759),
(1195, 7470),
(1196, 35513),
(1199, 34362),
(1199, 34362),
(1201, 16125),
(1202, 41814),
(1207, 22404),
(1208, 21831),
(1209, 37781),
(1211, 25760),
(1211, 25760),
(1213, 6290),
(1213, 6290),
(1214, 2305),
(1215, 47016),
(1221, 18436),
(1224, 1188),
(1225, 17868),
(1225, 17868),
(1228, 36643),
(1229, 29727),
(1230, 18437),
(1231, 51448),
(1231, 51448),
(1237, 19582),
(1238, 35514),
(1239, 53721),
(1239, 53721),
(1240, 5166),
(1241, 19028),
(1243, 34948),
(1244, 12055),
(1247, 23519),
(1247, 23519),
(1248, 53130),
(1250, 36644),
(1250, 36644),
(1251, 4023),
(1253, 25198),
(1254, 49776),
(1256, 33150),
(1256, 33150),
(1256, 33150),
(1257, 48125),
(1258, 28084),
(1259, 20707),
(1259, 20707),
(1259, 20707),
(1261, 14944),
(1262, 5728),
(1265, 25761),
(1266, 18438),
(1267, 30259),
(1268, 43600),
(1268, 43600),
(1269, 9747),
(1270, 27500),
(1270, 27500),
(1271, 56546),
(1273, 21832),
(1274, 8061),
(1275, 9156),
(1278, 1727),
(1280, 1189),
(1283, 17316),
(1283, 17316),
(1285, 13816),
(1285, 13816),
(1287, 48126),
(1288, 25762),
(1289, 27501),
(1289, 27501),
(1289, 27501),
(1289, 27501),
(1291, 13252),
(1292, 5729),
(1292, 5729),
(1294, 21282),
(1297, 29146),
(1298, 48127),
(1298, 48127),
(1303, 37244),
(1304, 25199),
(1304, 25199),
(1307, 6854),
(1308, 43049),
(1308, 43049),
(1308, 43049),
(1309, 36056),
(1309, 36056),
(1311, 27502),
(1311, 27502),
(1313, 19583),
(1314, 13817),
(1315, 31460),
(1316, 5167),
(1317, 43601),
(1317, 43601),
(1319, 28085),
(1320, 4598),
(1321, 44142),
(1322, 10879),
(1322, 10879),
(1322, 10879),
(1323, 44143),
(1325, 24663),
(1326, 14385),
(1327, 49224),
(1327, 49224),
(1327, 49224),
(1328, 52565),
(1328, 52565),
(1329, 55981),
(1330, 9748),
(1332, 42428),
(1334, 44760),
(1335, 21283),
(1339, 6),
(1340, 53722),
(1340, 53722),
(1343, 26345),
(1345, 40661),
(1345, 40661),
(1345, 40661),
(1346, 45345),
(1348, 22986),
(1349, 31461),
(1350, 53723),
(1351, 35515),
(1352, 21284),
(1353, 14945),
(1355, 13253),
(1358, 22405),
(1358, 22405),
(1358, 22405),
(1359, 7),
(1360, 36057),
(1361, 10880),
(1361, 10880),
(1361, 10880),
(1364, 13254),
(1365, 45346),
(1366, 49777),
(1367, 22987),
(1367, 22987),
(1368, 7471),
(1369, 1728),
(1369, 1728),
(1370, 42429),
(1370, 42429),
(1372, 24078),
(1372, 24078),
(1372, 24078),
(1373, 21833),
(1374, 54283),
(1374, 54283),
(1375, 26927),
(1376, 35516),
(1378, 19029),
(1381, 16126),
(1383, 16127),
(1384, 44144),
(1385, 19030),
(1385, 19030),
(1387, 22988),
(1388, 9749),
(1390, 5730),
(1390, 5730),
(1391, 16745),
(1392, 27503),
(1393, 34949),
(1393, 34949),
(1393, 34949),
(1394, 20708),
(1395, 53131),
(1396, 25763),
(1397, 36645),
(1398, 50332),
(1398, 50332),
(1398, 50332),
(1399, 613),
(1401, 21834),
(1402, 20162),
(1403, 46461),
(1406, 41815),
(1406, 41815),
(1410, 49225),
(1411, 54284),
(1411, 54284),
(1413, 26346),
(1414, 45934),
(1414, 45934),
(1415, 56547),
(1415, 56547),
(1417, 48673),
(1418, 40045),
(1419, 8062),
(1419, 8062),
(1420, 4599),
(1422, 7472),
(1423, 4024),
(1423, 4024),
(1424, 20709),
(1428, 35517),
(1431, 26347),
(1433, 4025),
(1434, 48674),
(1437, 51449),
(1437, 51449),
(1438, 2306),
(1439, 16128),
(1440, 54866),
(1440, 54866),
(1443, 47559),
(1444, 27504),
(1445, 17317),
(1445, 17317),
(1446, 19584),
(1446, 19584),
(1451, 29147),
(1455, 27505),
(1455, 27505),
(1457, 29148),
(1458, 1729),
(1458, 1729),
(1463, 19031),
(1463, 19031),
(1463, 19031),
(1464, 36058),
(1465, 6855),
(1465, 6855),
(1466, 3504),
(1466, 3504),
(1466, 3504),
(1466, 3504),
(1468, 19032),
(1468, 19032),
(1469, 11471),
(1469, 11471),
(1471, 41816),
(1474, 49226),
(1475, 36646),
(1475, 36646),
(1478, 33773),
(1479, 29149),
(1480, 38908),
(1482, 19585),
(1483, 42430),
(1483, 42430),
(1483, 42430),
(1485, 34950),
(1485, 34950),
(1486, 1730),
(1487, 37782),
(1488, 23520),
(1489, 33774),
(1489, 33774),
(1490, 4600),
(1492, 41267),
(1492, 41267),
(1494, 50333),
(1496, 36059),
(1498, 2915),
(1500, 6856),
(1502, 48675),
(1506, 56548),
(1506, 56548),
(1508, 8609),
(1508, 8609),
(1508, 8609),
(1508, 8609),
(1511, 8),
(1513, 34363),
(1514, 33775),
(1514, 33775),
(1517, 46462),
(1518, 16129),
(1520, 36647),
(1520, 36647),
(1521, 41817),
(1525, 19033),
(1525, 19033),
(1525, 19033),
(1526, 8063),
(1527, 8610),
(1527, 8610),
(1528, 42431),
(1530, 38328),
(1530, 38328),
(1531, 25200),
(1532, 34364),
(1532, 34364),
(1533, 6857),
(1533, 6857),
(1533, 6857),
(1535, 47560),
(1535, 47560),
(1536, 8611),
(1537, 37245),
(1538, 55424),
(1539, 9750),
(1540, 20163),
(1541, 54285),
(1543, 51450),
(1545, 42432),
(1545, 42432),
(1545, 42432),
(1545, 42432),
(1548, 41818),
(1549, 30260),
(1549, 30260),
(1550, 12056),
(1550, 12056),
(1551, 5168),
(1551, 5168),
(1551, 5168),
(1552, 44761),
(1554, 30261),
(1555, 41819),
(1555, 41819),
(1556, 12636),
(1557, 38909),
(1557, 38909),
(1557, 38909),
(1559, 32596),
(1559, 32596),
(1560, 12057),
(1563, 17318),
(1564, 53724),
(1565, 8064),
(1565, 8064),
(1565, 8064),
(1566, 36648),
(1566, 36648),
(1567, 50334),
(1567, 50334),
(1567, 50334),
(1571, 36060),
(1571, 36060),
(1571, 36060),
(1573, 22989),
(1573, 22989),
(1573, 22989),
(1574, 43050),
(1574, 43050),
(1574, 43050),
(1574, 43050),
(1578, 13255),
(1579, 37783),
(1580, 51988),
(1583, 22990),
(1585, 5169),
(1586, 7473),
(1587, 3505),
(1587, 3505),
(1587, 3505),
(1588, 29728),
(1589, 2307),
(1589, 2307),
(1591, 7474),
(1591, 7474),
(1595, 37784),
(1596, 29729),
(1597, 5170),
(1598, 30853),
(1598, 30853),
(1599, 1731),
(1599, 1731),
(1600, 9751),
(1603, 47017),
(1603, 47017),
(1603, 47017),
(1603, 47017),
(1604, 12637),
(1606, 45347),
(1606, 45347),
(1608, 46463),
(1609, 28086),
(1610, 34365),
(1612, 43051),
(1615, 48128),
(1615, 48128),
(1618, 26928),
(1619, 37785),
(1621, 35518),
(1621, 35518),
(1621, 35518),
(1622, 36061),
(1625, 37786),
(1627, 20710),
(1628, 9157),
(1630, 43602),
(1631, 54867),
(1632, 16130),
(1633, 25764),
(1633, 25764),
(1635, 24664),
(1637, 1190),
(1638, 50889),
(1638, 50889),
(1639, 17319),
(1640, 4026),
(1646, 24665),
(1647, 4601),
(1648, 45348),
(1648, 45348),
(1649, 36649),
(1650, 56549),
(1652, 55425),
(1653, 31462),
(1653, 31462),
(1654, 26348),
(1655, 36650),
(1655, 36650),
(1655, 36650),
(1656, 16746),
(1657, 30854),
(1658, 40046),
(1658, 40046),
(1658, 40046),
(1660, 21835),
(1660, 21835),
(1661, 28607),
(1663, 8065),
(1663, 8065),
(1665, 16131),
(1665, 16131),
(1665, 16131),
(1666, 49227),
(1668, 37787),
(1670, 10881),
(1670, 10881),
(1670, 10881),
(1671, 38329),
(1673, 50890),
(1677, 5171),
(1677, 5171),
(1679, 11472),
(1679, 11472),
(1682, 43052),
(1682, 43052),
(1683, 24666),
(1684, 4027),
(1684, 4027),
(1685, 33151),
(1686, 14946),
(1687, 19586),
(1687, 19586),
(1690, 1732),
(1691, 41268),
(1692, 54868),
(1692, 54868),
(1693, 37246),
(1694, 24079),
(1695, 39500),
(1696, 4028),
(1696, 4028),
(1697, 26349),
(1699, 44145),
(1700, 4029),
(1700, 4029),
(1701, 41269),
(1704, 15527),
(1707, 48676),
(1709, 43603),
(1709, 43603),
(1709, 43603),
(1711, 6858),
(1712, 27506),
(1714, 31463),
(1714, 31463),
(1714, 31463),
(1715, 5172),
(1717, 37788),
(1718, 5173),
(1718, 5173),
(1720, 11473),
(1723, 54286),
(1724, 51451),
(1725, 9158),
(1733, 24667),
(1734, 15528),
(1735, 20711),
(1735, 20711),
(1738, 5731),
(1739, 9),
(1741, 50335),
(1741, 50335),
(1741, 50335),
(1743, 6859),
(1746, 33152),
(1747, 32597),
(1750, 12058),
(1750, 12058),
(1751, 44146),
(1751, 44146),
(1751, 44146),
(1753, 11474),
(1755, 2916),
(1757, 2308),
(1758, 32021),
(1760, 24080),
(1761, 3506),
(1761, 3506),
(1761, 3506),
(1762, 21285),
(1762, 21285),
(1764, 24081),
(1765, 51452),
(1767, 23521),
(1769, 47018),
(1770, 10),
(1770, 10),
(1771, 55982),
(1772, 14386),
(1772, 14386),
(1773, 39501),
(1774, 41820),
(1774, 41820),
(1774, 41820),
(1774, 41820),
(1774, 41820),
(1775, 31464),
(1775, 31464),
(1776, 54869),
(1777, 42433),
(1778, 53725),
(1778, 53725),
(1781, 56550),
(1781, 56550),
(1787, 30262),
(1789, 37247),
(1789, 37247),
(1789, 37247),
(1789, 37247),
(1795, 21286),
(1798, 16132),
(1798, 16132),
(1798, 16132),
(1799, 14947),
(1800, 43604),
(1802, 5732),
(1806, 22991),
(1806, 22991),
(1806, 22991),
(1807, 53132),
(1808, 21836),
(1809, 32022),
(1810, 9752),
(1811, 29150),
(1811, 29150),
(1811, 29150),
(1811, 29150),
(1812, 10882),
(1812, 10882),
(1812, 10882),
(1813, 51453),
(1814, 1733),
(1814, 1733),
(1814, 1733),
(1815, 50891),
(1816, 26929),
(1816, 26929),
(1819, 26350),
(1821, 45935);



-- --------------------------------------------------------

--
-- Table structure for table `itemcosts`
--

DROP TABLE IF EXISTS `itemcosts`;

CREATE TABLE IF NOT EXISTS `itemcosts` (
  `itemcode` int(11) NOT NULL,
  `costcodeid` int(11) DEFAULT NULL
) ENGINE=InnoDB DEFAULT CHARSET=utf8mb4;


--
-- Dumping data for table `itemcosts`
--

INSERT INTO `itemcosts` (`itemcode`, `costcodeid`) VALUES
(1, 95427),
(2, 38546),
(3, 58272),
(4, 58921),
(5, 21909),
(6, 84383),
(7, 16106),
(8, 44334),
(9, 28143),
(10, 52647),
(11, 37631),
(12, 7445),
(13, 27474),
(14, 15110),
(15, 51149),
(16, 52548),
(17, 78942),
(18, 71852),
(19, 30878),
(20, 93652),
(21, 79623),
(22, 99820),
(23, 50965),
(24, 42919),
(25, 83705),
(26, 63158),
(27, 51040),
(28, 88794),
(29, 2990),
(30, 76415),
(31, 14933),
(32, 20393),
(33, 95583),
(34, 33059),
(35, 73200),
(36, 73705),
(37, 27974),
(38, 89073),
(39, 18845),
(40, 97361),
(41, 378),
(42, 25192),
(43, 18648),
(44, 41152),
(45, 58555),
(46, 81655),
(47, 87176),
(48, 47899),
(49, 56005),
(50, 58142),
(51, 14710),
(52, 7453),
(53, 86086),
(54, 15380),
(55, 39815),
(56, 2798),
(57, 33085),
(58, 99661),
(59, 30647),
(60, 55573),
(61, 22941),
(62, 4181),
(63, 8021),
(64, 2478),
(65, 25523),
(66, 31771),
(67, 53008),
(68, 29512),
(69, 66562),
(70, 24737),
(71, 4298),
(72, 49375),
(73, 47355),
(74, 18376),
(75, 88178),
(76, 54649),
(77, 58841),
(78, 23270),
(79, 98944),
(80, 49193),
(81, 49680),
(82, 73684),
(83, 24824),
(84, 84908),
(85, 52375),
(86, 1147),
(87, 5509),
(88, 91765),
(89, 71208),
(90, 86338),
(91, 66114),
(92, 6830),
(93, 697),
(94, 89474),
(95, 85721),
(96, 67714),
(97, 11880),
(98, 49603),
(99, 40016),
(100, 50200),
(101, 96383),
(102, 38285),
(103, 91243),
(104, 82388),
(105, 32246),
(106, 51799),
(107, 22013),
(108, 2565),
(109, 96810),
(110, 95742),
(111, 96394),
(112, 34549),
(113, 20704),
(114, 32225),
(115, 59819),
(116, 91278),
(117, 9801),
(118, 27020),
(119, 93872),
(120, 80618),
(121, 72382),
(122, 69566),
(123, 56280),
(124, 60613),
(125, 75497),
(126, 78502),
(127, 98430),
(128, 2857),
(129, 42017),
(130, 52270),
(131, 5275),
(132, 54056),
(133, 11679),
(134, 5355),
(135, 3558),
(136, 75952),
(137, 35652),
(138, 17799),
(139, 17173),
(140, 61119),
(141, 19859),
(142, 77333),
(143, 24821),
(144, 91040),
(145, 72439),
(146, 38198),
(147, 37912),
(148, 1468),
(149, 46608),
(150, 53422),
(151, 36305),
(152, 58634),
(153, 60710),
(154, 76516),
(155, 21326),
(156, 49394),
(157, 53125),
(158, 49009),
(159, 22518),
(160, 45203),
(161, 82401),
(162, 18449),
(163, 66373),
(164, 19931),
(165, 79396),
(166, 15634),
(167, 41829),
(168, 79544),
(169, 94254),
(170, 78265),
(171, 37461),
(172, 49086),
(173, 6768),
(174, 4424),
(175, 40002),
(176, 49057),
(177, 37854),
(178, 87237),
(179, 13307),
(180, 6685),
(181, 56437),
(182, 87923),
(183, 18184),
(184, 42141),
(185, 76443),
(186, 1188),
(187, 84999),
(188, 4584),
(189, 3684),
(190, 14644),
(191, 4007),
(192, 82068),
(193, 45248),
(194, 9976),
(195, 64466),
(196, 38503),
(197, 25462),
(198, 89012),
(199, 52612),
(200, 48042),
(201, 32270),
(202, 89712),
(203, 16497),
(204, 1068),
(205, 77076),
(206, 26673),
(207, 67890),
(208, 90352),
(209, 95736),
(210, 99320),
(211, 20582),
(212, 92749),
(213, 30534),
(214, 3617),
(215, 92179),
(216, 91226),
(217, 97528),
(218, 99519),
(219, 4842),
(220, 68250),
(221, 63838),
(222, 73337),
(223, 95539),
(224, 21580),
(225, 68824),
(226, 25324),
(227, 22448),
(228, 80144),
(229, 83941),
(230, 18027),
(231, 51719),
(232, 50116),
(233, 4995),
(234, 4025),
(235, 35924),
(236, 33937),
(237, 9654),
(238, 42873),
(239, 22379),
(240, 8563),
(241, 48458),
(242, 44264),
(243, 80816),
(244, 98539),
(245, 29115),
(246, 65262),
(247, 85290),
(248, 50605),
(249, 50663),
(250, 36694),
(251, 22115),
(252, 49573),
(253, 65613),
(254, 89141),
(255, 56193),
(256, 67702),
(257, 48439),
(258, 35675),
(259, 30439),
(260, 40788),
(261, 1858),
(262, 12597),
(263, 46234),
(264, 19031),
(265, 52351),
(266, 8539),
(267, 49266),
(268, 29943),
(269, 66596),
(270, 80009),
(271, 98539),
(272, 36161),
(273, 62347),
(274, 38041),
(275, 11209),
(276, 90787),
(277, 19733),
(278, 20365),
(279, 7264),
(280, 63077),
(281, 31920),
(282, 13011),
(283, 72800),
(284, 98086),
(285, 93041),
(286, 98147),
(287, 25894),
(288, 85630),
(289, 54494),
(290, 46270),
(291, 36249),
(292, 30964),
(293, 91096),
(294, 80055),
(295, 98930),
(296, 53000),
(297, 94069),
(298, 87778),
(299, 63997),
(300, 56977),
(301, 59953),
(302, 45795),
(303, 71508),
(304, 86558),
(305, 72988),
(306, 52889),
(307, 81865),
(308, 73484),
(309, 10091),
(310, 76637),
(311, 47428),
(312, 4523),
(313, 18270),
(314, 45397),
(315, 95816),
(316, 95108),
(317, 69483),
(318, 84738),
(319, 921),
(320, 37691),
(321, 43839),
(322, 39150),
(323, 94514),
(324, 24479),
(325, 46069),
(326, 96257),
(327, 50606),
(328, 70401),
(329, 43956),
(330, 55335),
(331, 2002),
(332, 74450),
(333, 61455),
(334, 1747),
(335, 18368),
(336, 49594),
(337, 43057),
(338, 41000),
(339, 9541),
(340, 26839),
(341, 21438),
(342, 55373),
(343, 20131),
(344, 69330),
(345, 64335),
(346, 46063),
(347, 81440),
(348, 15861),
(349, 81833),
(350, 35386),
(351, 94981),
(352, 16429),
(353, 17539),
(354, 24106),
(355, 67357),
(356, 34351),
(357, 6204),
(358, 26894),
(359, 13533),
(360, 43524),
(361, 24505),
(362, 80570),
(363, 30515),
(364, 8330),
(365, 16549),
(366, 35585),
(367, 82621),
(368, 55847),
(369, 96266),
(370, 14568),
(371, 50930),
(372, 84907),
(373, 32531),
(374, 7066),
(375, 51253),
(376, 3022),
(377, 73832),
(378, 1824),
(379, 44869),
(380, 26574),
(381, 36082),
(382, 84318),
(383, 61044),
(384, 78537),
(385, 21004),
(386, 85386),
(387, 59539),
(388, 89314),
(389, 43981),
(390, 81660),
(391, 36207),
(392, 53249),
(393, 18881),
(394, 50680),
(395, 31641),
(396, 61277),
(397, 15341),
(398, 77648),
(399, 28410),
(400, 41443),
(401, 44928),
(402, 13907),
(403, 10890),
(404, 73510),
(405, 22456),
(406, 40252),
(407, 83100),
(408, 3480),
(409, 33211),
(410, 75349),
(411, 67285),
(412, 1437),
(413, 35403),
(414, 3964),
(415, 47177),
(416, 5157),
(417, 81713),
(418, 33029),
(419, 77750),
(420, 74248),
(421, 54137),
(422, 13896),
(423, 67239),
(424, 70131),
(425, 52451),
(426, 8324),
(427, 17161),
(428, 81743),
(429, 44625),
(430, 63356),
(431, 60518),
(432, 11943),
(433, 75399),
(434, 29005),
(435, 30033),
(436, 20451),
(437, 4084),
(438, 22227),
(439, 35890),
(440, 20887),
(441, 7351),
(442, 68758),
(443, 74650),
(444, 29252),
(445, 53170),
(446, 30607),
(447, 14998),
(448, 11358),
(449, 29633),
(450, 99023),
(451, 9676),
(452, 29433),
(453, 28613),
(454, 72694),
(455, 15780),
(456, 33876),
(457, 83742),
(458, 50872),
(459, 85783),
(460, 24705),
(461, 84648),
(462, 93953),
(463, 26967),
(464, 94237),
(465, 2456),
(466, 41493),
(467, 34287),
(468, 87608),
(469, 83723),
(470, 13022),
(471, 27247),
(472, 4051),
(473, 46736),
(474, 35631),
(475, 79191),
(476, 38535),
(477, 16818),
(478, 11966),
(479, 93878),
(480, 95370),
(481, 75896),
(482, 87240),
(483, 1843),
(484, 31160),
(485, 82404),
(486, 33687),
(487, 65854),
(488, 26036),
(489, 63187),
(490, 30808),
(491, 26943),
(492, 31353),
(493, 13130),
(494, 35777),
(495, 74161),
(496, 87689),
(497, 64440),
(498, 85754),
(499, 7272),
(500, 33180),
(501, 35795),
(502, 495),
(503, 33664),
(504, 74434),
(505, 85366),
(506, 84893),
(507, 87296),
(508, 75989),
(509, 31323),
(510, 17240),
(511, 44347),
(512, 21823),
(513, 90373),
(514, 94387),
(515, 57113),
(516, 2316),
(517, 90147),
(518, 67489),
(519, 11931),
(520, 84934),
(521, 74569),
(522, 68975),
(523, 93987),
(524, 24546),
(525, 6870),
(526, 7660),
(527, 75438),
(528, 1311),
(529, 23209),
(530, 4581),
(531, 8543),
(532, 70001),
(533, 41584),
(534, 67733),
(535, 57701),
(536, 11504),
(537, 9411),
(538, 62030),
(539, 59231),
(540, 10637),
(541, 6774),
(542, 62865),
(543, 41036),
(544, 8264),
(545, 45742),
(546, 82739),
(547, 95220),
(548, 95022),
(549, 67068),
(550, 27232),
(551, 59617),
(552, 73524),
(553, 3843),
(554, 7231),
(555, 66417),
(556, 9938),
(557, 2457),
(558, 39181),
(559, 57984),
(560, 15499),
(561, 52646),
(562, 82583),
(563, 93795),
(564, 84699),
(565, 92185),
(566, 20765),
(567, 42548),
(568, 52772),
(569, 80383),
(570, 49956),
(571, 54633),
(572, 84267),
(573, 28675),
(574, 90975),
(575, 56134),
(576, 3945),
(577, 92084),
(578, 23242),
(579, 10725),
(580, 59226),
(581, 4618),
(582, 59245),
(583, 24728),
(584, 75053),
(585, 11382),
(586, 59120),
(587, 57014),
(588, 11670),
(589, 8948),
(590, 18577),
(591, 9279),
(592, 9676),
(593, 76864),
(594, 64398),
(595, 35854),
(596, 13986),
(597, 57391),
(598, 73694),
(599, 18661),
(600, 93864),
(601, 47555),
(602, 59343),
(603, 99449),
(604, 12204),
(605, 47569),
(606, 85134),
(607, 57531),
(608, 95670),
(609, 22827),
(610, 36215),
(611, 39936),
(612, 16570),
(613, 33600),
(614, 87610),
(615, 79896),
(616, 67435),
(617, 97249),
(618, 33653),
(619, 7970),
(620, 82129),
(621, 68553),
(622, 69169),
(623, 19161),
(624, 64698),
(625, 15578),
(626, 41715),
(627, 15483),
(628, 73759),
(629, 59758),
(630, 63955),
(631, 64514),
(632, 24446),
(633, 59228),
(634, 1195),
(635, 69928),
(636, 57082),
(637, 85387),
(638, 22380),
(639, 72652),
(640, 79891),
(641, 10010),
(642, 74556),
(643, 91900),
(644, 52519),
(645, 9597),
(646, 87105),
(647, 10555),
(648, 38358),
(649, 33130),
(650, 59278),
(651, 88729),
(652, 52860),
(653, 65487),
(654, 44779),
(655, 63956),
(656, 88868),
(657, 22793),
(658, 18496),
(659, 43505),
(660, 27657),
(661, 33787),
(662, 82938),
(663, 24111),
(664, 14627),
(665, 25678),
(666, 79423),
(667, 36642),
(668, 52801),
(669, 97296),
(670, 65211),
(671, 98612),
(672, 93451),
(673, 54389),
(674, 10224),
(675, 29206),
(676, 5791),
(677, 24552),
(678, 80147),
(679, 67221),
(680, 87850),
(681, 54560),
(682, 87746),
(683, 96851),
(684, 92067),
(685, 32053),
(686, 13531),
(687, 26049),
(688, 78048),
(689, 66150),
(690, 38860),
(691, 89515),
(692, 28857),
(693, 83548),
(694, 72442),
(695, 58563),
(696, 62679),
(697, 76202),
(698, 51470),
(699, 19940),
(700, 85675),
(701, 92917),
(702, 42166),
(703, 88831),
(704, 5169),
(705, 98950),
(706, 11335),
(707, 26627),
(708, 47083),
(709, 10725),
(710, 31020),
(711, 60667),
(712, 35852),
(713, 98835),
(714, 16218),
(715, 16825),
(716, 94547),
(717, 65673),
(718, 4854),
(719, 50560),
(720, 7771),
(721, 42059),
(722, 93196),
(723, 46962),
(724, 46239),
(725, 8374),
(726, 87240),
(727, 59023),
(728, 34626),
(729, 96675),
(730, 39948),
(731, 48472),
(732, 48552),
(733, 36744),
(734, 72720),
(735, 55636),
(736, 85177),
(737, 54767),
(738, 6618),
(739, 12069),
(740, 27548),
(741, 48031),
(742, 69996),
(743, 60250),
(744, 6894),
(745, 41866),
(746, 74002),
(747, 75240),
(748, 56461),
(749, 6792),
(750, 60249),
(751, 90310),
(752, 36927),
(753, 6552),
(754, 42895),
(755, 7872),
(756, 78680),
(757, 76822),
(758, 36809),
(759, 41071),
(760, 83479),
(761, 82352),
(762, 81421),
(763, 54889),
(764, 3539),
(765, 31413),
(766, 63317),
(767, 57367),
(768, 81180),
(769, 32803),
(770, 1278),
(771, 54749),
(772, 97372),
(773, 98456),
(774, 84469),
(775, 53713),
(776, 75991),
(777, 52130),
(778, 26924),
(779, 85787),
(780, 23732),
(781, 82851),
(782, 92586),
(783, 50582),
(784, 71719),
(785, 34642),
(786, 2111),
(787, 81589),
(788, 50869),
(789, 45670),
(790, 6097),
(791, 67077),
(792, 9434),
(793, 58614),
(794, 65928),
(795, 58806),
(796, 12005),
(797, 35590),
(798, 12050),
(799, 87687),
(800, 96313),
(801, 55796),
(802, 45288),
(803, 80770),
(804, 60105),
(805, 4235),
(806, 7005),
(807, 58129),
(808, 64290),
(809, 5142),
(810, 46138),
(811, 61425),
(812, 50866),
(813, 14054),
(814, 50859),
(815, 24313),
(816, 32455),
(817, 64331),
(818, 46134),
(819, 96676),
(820, 45390),
(821, 24648),
(822, 37880),
(823, 3495),
(824, 66072),
(825, 13585),
(826, 82537),
(827, 12791),
(828, 38022),
(829, 71966),
(830, 11862),
(831, 45166),
(832, 84816),
(833, 32802),
(834, 4097),
(835, 23191),
(836, 91862),
(837, 81331),
(838, 35667),
(839, 76019),
(840, 60278),
(841, 74449),
(842, 31633),
(843, 60210),
(844, 7089),
(845, 17879),
(846, 50116),
(847, 36146),
(848, 54985),
(849, 69522),
(850, 14345),
(851, 68652),
(852, 990),
(853, 17124),
(854, 63164),
(855, 11288),
(856, 75729),
(857, 87738),
(858, 75089),
(859, 7419),
(860, 51218),
(861, 49804),
(862, 18059),
(863, 13404),
(864, 18239),
(865, 17470),
(866, 56358),
(867, 21798),
(868, 5777),
(869, 30507),
(870, 44234),
(871, 17521),
(872, 46924),
(873, 21972),
(874, 95589),
(875, 27381),
(876, 67331),
(877, 24779),
(878, 9022),
(879, 42961),
(880, 31353),
(881, 85158),
(882, 70627),
(883, 30847),
(884, 86439),
(885, 8263),
(886, 52646),
(887, 83820),
(888, 32865),
(889, 85789),
(890, 76904),
(891, 85287),
(892, 32241),
(893, 2102),
(894, 23406),
(895, 40483),
(896, 27758),
(897, 14057),
(898, 49225),
(899, 33464),
(900, 62469),
(901, 32854),
(902, 77245),
(903, 97473),
(904, 71926),
(905, 70557),
(906, 61654),
(907, 49455),
(908, 67135),
(909, 32573),
(910, 75592),
(911, 86248),
(912, 65452),
(913, 13099),
(914, 76271),
(915, 91803),
(916, 12089),
(917, 74635),
(918, 86172),
(919, 6577),
(920, 54844),
(921, 44218),
(922, 41483),
(923, 85941),
(924, 79735),
(925, 31906),
(926, 25277),
(927, 40556),
(928, 17891),
(929, 56246),
(930, 37504),
(931, 81124),
(932, 73841),
(933, 75732),
(934, 87480),
(935, 4646),
(936, 48351),
(937, 28366),
(938, 34347),
(939, 22057),
(940, 47386),
(941, 47408),
(942, 2637),
(943, 77857),
(944, 75594),
(945, 80496),
(946, 48956),
(947, 6109),
(948, 20883),
(949, 84258),
(950, 47053),
(951, 94810),
(952, 41328),
(953, 98615),
(954, 26389),
(955, 8111),
(956, 593),
(957, 88606),
(958, 62305),
(959, 49138),
(960, 25252),
(961, 80013),
(962, 76371),
(963, 56633),
(964, 57582),
(965, 36674),
(966, 36668),
(967, 79056),
(968, 87677),
(969, 13265),
(970, 99181),
(971, 11864),
(972, 12916),
(973, 72778),
(974, 13688),
(975, 12172),
(976, 48912),
(977, 11314),
(978, 17815),
(979, 57104),
(980, 16061),
(981, 84190),
(982, 1139),
(983, 73934),
(984, 53499),
(985, 92333),
(986, 63164),
(987, 48400),
(988, 36913),
(989, 91579),
(990, 41629),
(991, 89011),
(992, 78746),
(993, 27968),
(994, 34438),
(995, 69017),
(996, 81550),
(997, 78868),
(998, 63640),
(999, 17041),
(1000, 46366),
(1001, 23047),
(1002, 55936),
(1003, 33234),
(1004, 27280),
(1005, 40386),
(1006, 73797),
(1007, 35110),
(1008, 86923),
(1009, 83154),
(1010, 18944),
(1011, 41014),
(1012, 44462),
(1013, 49018),
(1014, 21859),
(1015, 59166),
(1016, 20094),
(1017, 19716),
(1018, 596),
(1019, 51210),
(1020, 27822),
(1021, 86863),
(1022, 73344),
(1023, 57927),
(1024, 68917),
(1025, 82458),
(1026, 84810),
(1027, 39079),
(1028, 26103);

-- --------------------------------------------------------

--
-- Table structure for table `itemlist`
--

DROP TABLE IF EXISTS `itemlist`;

CREATE TABLE IF NOT EXISTS `itemlist` (
  `itemcode` int(11) NOT NULL,
  `itemtypecode` int(11) DEFAULT NULL,
  `itemname` varchar(200) DEFAULT NULL
) ENGINE=InnoDB DEFAULT CHARSET=utf8mb4;


--
-- Dumping data for table `itemlist`
--

INSERT INTO `itemlist` (`itemcode`, `itemtypecode`, `itemname`) VALUES
(1, 3, 'someball 1'),
(2, 2, 'someball 2'),
(3, 3, 'someball 3'),
(4, 1, 'someball 4'),
(5, 1, 'someball 5'),
(6, 1, 'someball 6'),
(7, 1, 'someball 7'),
(8, 3, 'someball 8'),
(9, 2, 'someball 9'),
(10, 3, 'someball 10'),
(11, 3, 'someball 11'),
(12, 2, 'someball 12'),
(13, 2, 'someball 13'),
(14, 1, 'someball 14'),
(15, 3, 'someball 15'),
(16, 2, 'someball 16'),
(17, 2, 'someball 17'),
(18, 1, 'someball 18'),
(19, 1, 'someball 19'),
(20, 2, 'someball 20'),
(21, 3, 'someball 21'),
(22, 2, 'someball 22'),
(23, 2, 'someball 23'),
(24, 3, 'someball 24'),
(25, 2, 'someball 25'),
(26, 2, 'someball 26'),
(27, 1, 'someball 27'),
(28, 2, 'someball 28'),
(29, 1, 'someball 29'),
(30, 3, 'someball 30'),
(31, 2, 'someball 31'),
(32, 1, 'someball 32'),
(33, 3, 'someball 33'),
(34, 1, 'someball 34'),
(35, 2, 'someball 35'),
(36, 3, 'someball 36'),
(37, 3, 'someball 37'),
(38, 1, 'someball 38'),
(39, 3, 'someball 39'),
(40, 3, 'someball 40'),
(41, 2, 'someball 41'),
(42, 3, 'someball 42'),
(43, 3, 'someball 43'),
(44, 3, 'someball 44'),
(45, 2, 'someball 45'),
(46, 1, 'someball 46'),
(47, 1, 'someball 47'),
(48, 3, 'someball 48'),
(49, 3, 'someball 49'),
(50, 1, 'someball 50'),
(51, 2, 'someball 51'),
(52, 2, 'someball 52'),
(53, 2, 'someball 53'),
(54, 1, 'someball 54'),
(55, 3, 'someball 55'),
(56, 1, 'someball 56'),
(57, 1, 'someball 57'),
(58, 2, 'someball 58'),
(59, 1, 'someball 59'),
(60, 3, 'someball 60'),
(61, 1, 'someball 61'),
(62, 1, 'someball 62'),
(63, 2, 'someball 63'),
(64, 3, 'someball 64'),
(65, 2, 'someball 65'),
(66, 3, 'someball 66'),
(67, 2, 'someball 67'),
(68, 2, 'someball 68'),
(69, 3, 'someball 69'),
(70, 2, 'someball 70'),
(71, 2, 'someball 71'),
(72, 1, 'someball 72'),
(73, 3, 'someball 73'),
(74, 2, 'someball 74'),
(75, 3, 'someball 75'),
(76, 1, 'someball 76'),
(77, 3, 'someball 77'),
(78, 2, 'someball 78'),
(79, 2, 'someball 79'),
(80, 2, 'someball 80'),
(81, 2, 'someball 81'),
(82, 3, 'someball 82'),
(83, 3, 'someball 83'),
(84, 3, 'someball 84'),
(85, 2, 'someball 85'),
(86, 1, 'someball 86'),
(87, 1, 'someball 87'),
(88, 3, 'someball 88'),
(89, 2, 'someball 89'),
(90, 1, 'someball 90'),
(91, 2, 'someball 91'),
(92, 2, 'someball 92'),
(93, 3, 'someball 93'),
(94, 1, 'someball 94'),
(95, 2, 'someball 95'),
(96, 2, 'someball 96'),
(97, 1, 'someball 97'),
(98, 3, 'someball 98'),
(99, 2, 'someball 99'),
(100, 3, 'someball 100'),
(101, 2, 'someball 101'),
(102, 1, 'someball 102'),
(103, 1, 'someball 103'),
(104, 3, 'someball 104'),
(105, 3, 'someball 105'),
(106, 1, 'someball 106'),
(107, 1, 'someball 107'),
(108, 1, 'someball 108'),
(109, 2, 'someball 109'),
(110, 1, 'someball 110'),
(111, 3, 'someball 111'),
(112, 1, 'someball 112'),
(113, 2, 'someball 113'),
(114, 1, 'someball 114'),
(115, 1, 'someball 115'),
(116, 1, 'someball 116'),
(117, 2, 'someball 117'),
(118, 1, 'someball 118'),
(119, 3, 'someball 119'),
(120, 1, 'someball 120'),
(121, 1, 'someball 121'),
(122, 3, 'someball 122'),
(123, 2, 'someball 123'),
(124, 2, 'someball 124'),
(125, 1, 'someball 125'),
(126, 3, 'someball 126'),
(127, 1, 'someball 127'),
(128, 1, 'someball 128'),
(129, 3, 'someball 129'),
(130, 1, 'someball 130'),
(131, 1, 'someball 131'),
(132, 3, 'someball 132'),
(133, 3, 'someball 133'),
(134, 1, 'someball 134'),
(135, 2, 'someball 135'),
(136, 1, 'someball 136'),
(137, 3, 'someball 137'),
(138, 2, 'someball 138'),
(139, 3, 'someball 139'),
(140, 3, 'someball 140'),
(141, 2, 'someball 141'),
(142, 3, 'someball 142'),
(143, 1, 'someball 143'),
(144, 1, 'someball 144'),
(145, 3, 'someball 145'),
(146, 1, 'someball 146'),
(147, 1, 'someball 147'),
(148, 3, 'someball 148'),
(149, 3, 'someball 149'),
(150, 1, 'someball 150'),
(151, 3, 'someball 151'),
(152, 2, 'someball 152'),
(153, 2, 'someball 153'),
(154, 1, 'someball 154'),
(155, 1, 'someball 155'),
(156, 2, 'someball 156'),
(157, 1, 'someball 157'),
(158, 3, 'someball 158'),
(159, 1, 'someball 159'),
(160, 3, 'someball 160'),
(161, 3, 'someball 161'),
(162, 2, 'someball 162'),
(163, 1, 'someball 163'),
(164, 3, 'someball 164'),
(165, 3, 'someball 165'),
(166, 3, 'someball 166'),
(167, 1, 'someball 167'),
(168, 1, 'someball 168'),
(169, 3, 'someball 169'),
(170, 3, 'someball 170'),
(171, 1, 'someball 171'),
(172, 3, 'someball 172'),
(173, 3, 'someball 173'),
(174, 3, 'someball 174'),
(175, 2, 'someball 175'),
(176, 1, 'someball 176'),
(177, 2, 'someball 177'),
(178, 2, 'someball 178'),
(179, 1, 'someball 179'),
(180, 2, 'someball 180'),
(181, 2, 'someball 181'),
(182, 1, 'someball 182'),
(183, 3, 'someball 183'),
(184, 3, 'someball 184'),
(185, 3, 'someball 185'),
(186, 1, 'someball 186'),
(187, 1, 'someball 187'),
(188, 1, 'someball 188'),
(189, 3, 'someball 189'),
(190, 3, 'someball 190'),
(191, 1, 'someball 191'),
(192, 1, 'someball 192'),
(193, 3, 'someball 193'),
(194, 3, 'someball 194'),
(195, 1, 'someball 195'),
(196, 1, 'someball 196'),
(197, 3, 'someball 197'),
(198, 1, 'someball 198'),
(199, 3, 'someball 199'),
(200, 3, 'someball 200'),
(201, 1, 'someball 201'),
(202, 2, 'someball 202'),
(203, 2, 'someball 203'),
(204, 1, 'someball 204'),
(205, 2, 'someball 205'),
(206, 2, 'someball 206'),
(207, 2, 'someball 207'),
(208, 2, 'someball 208'),
(209, 3, 'someball 209'),
(210, 3, 'someball 210'),
(211, 3, 'someball 211'),
(212, 1, 'someball 212'),
(213, 1, 'someball 213'),
(214, 3, 'someball 214'),
(215, 3, 'someball 215'),
(216, 3, 'someball 216'),
(217, 3, 'someball 217'),
(218, 2, 'someball 218'),
(219, 1, 'someball 219'),
(220, 3, 'someball 220'),
(221, 2, 'someball 221'),
(222, 2, 'someball 222'),
(223, 3, 'someball 223'),
(224, 2, 'someball 224'),
(225, 2, 'someball 225'),
(226, 3, 'someball 226'),
(227, 2, 'someball 227'),
(228, 1, 'someball 228'),
(229, 1, 'someball 229'),
(230, 2, 'someball 230'),
(231, 3, 'someball 231'),
(232, 3, 'someball 232'),
(233, 2, 'someball 233'),
(234, 2, 'someball 234'),
(235, 1, 'someball 235'),
(236, 3, 'someball 236'),
(237, 1, 'someball 237'),
(238, 2, 'someball 238'),
(239, 3, 'someball 239'),
(240, 3, 'someball 240'),
(241, 3, 'someball 241'),
(242, 1, 'someball 242'),
(243, 1, 'someball 243'),
(244, 2, 'someball 244'),
(245, 3, 'someball 245'),
(246, 2, 'someball 246'),
(247, 3, 'someball 247'),
(248, 2, 'someball 248'),
(249, 2, 'someball 249'),
(250, 2, 'someball 250'),
(251, 2, 'someball 251'),
(252, 3, 'someball 252'),
(253, 3, 'someball 253'),
(254, 3, 'someball 254'),
(255, 2, 'someball 255'),
(256, 3, 'someball 256'),
(257, 3, 'someball 257'),
(258, 1, 'someball 258'),
(259, 3, 'someball 259'),
(260, 2, 'someball 260'),
(261, 2, 'someball 261'),
(262, 1, 'someball 262'),
(263, 1, 'someball 263'),
(264, 2, 'someball 264'),
(265, 3, 'someball 265'),
(266, 1, 'someball 266'),
(267, 3, 'someball 267'),
(268, 2, 'someball 268'),
(269, 2, 'someball 269'),
(270, 1, 'someball 270'),
(271, 1, 'someball 271'),
(272, 3, 'someball 272'),
(273, 3, 'someball 273'),
(274, 3, 'someball 274'),
(275, 3, 'someball 275'),
(276, 2, 'someball 276'),
(277, 3, 'someball 277'),
(278, 1, 'someball 278'),
(279, 2, 'someball 279'),
(280, 1, 'someball 280'),
(281, 1, 'someball 281'),
(282, 1, 'someball 282'),
(283, 1, 'someball 283'),
(284, 2, 'someball 284'),
(285, 2, 'someball 285'),
(286, 1, 'someball 286'),
(287, 2, 'someball 287'),
(288, 1, 'someball 288'),
(289, 2, 'someball 289'),
(290, 1, 'someball 290'),
(291, 2, 'someball 291'),
(292, 1, 'someball 292'),
(293, 1, 'someball 293'),
(294, 3, 'someball 294'),
(295, 2, 'someball 295'),
(296, 2, 'someball 296'),
(297, 1, 'someball 297'),
(298, 3, 'someball 298'),
(299, 1, 'someball 299'),
(300, 1, 'someball 300'),
(301, 1, 'someball 301'),
(302, 2, 'someball 302'),
(303, 1, 'someball 303'),
(304, 2, 'someball 304'),
(305, 1, 'someball 305'),
(306, 1, 'someball 306'),
(307, 1, 'someball 307'),
(308, 1, 'someball 308'),
(309, 1, 'someball 309'),
(310, 3, 'someball 310'),
(311, 2, 'someball 311'),
(312, 2, 'someball 312'),
(313, 2, 'someball 313'),
(314, 1, 'someball 314'),
(315, 1, 'someball 315'),
(316, 2, 'someball 316'),
(317, 3, 'someball 317'),
(318, 2, 'someball 318'),
(319, 1, 'someball 319'),
(320, 1, 'someball 320'),
(321, 3, 'someball 321'),
(322, 3, 'someball 322'),
(323, 2, 'someball 323'),
(324, 1, 'someball 324'),
(325, 1, 'someball 325'),
(326, 2, 'someball 326'),
(327, 1, 'someball 327'),
(328, 2, 'someball 328'),
(329, 2, 'someball 329'),
(330, 1, 'someball 330'),
(331, 2, 'someball 331'),
(332, 3, 'someball 332'),
(333, 2, 'someball 333'),
(334, 1, 'someball 334'),
(335, 3, 'someball 335'),
(336, 2, 'someball 336'),
(337, 3, 'someball 337'),
(338, 1, 'someball 338'),
(339, 2, 'someball 339'),
(340, 1, 'someball 340'),
(341, 1, 'someball 341'),
(342, 1, 'someball 342'),
(343, 2, 'someball 343'),
(344, 2, 'someball 344'),
(345, 2, 'someball 345'),
(346, 2, 'someball 346'),
(347, 1, 'someball 347'),
(348, 1, 'someball 348'),
(349, 2, 'someball 349'),
(350, 1, 'someball 350'),
(351, 1, 'someball 351'),
(352, 2, 'someball 352'),
(353, 2, 'someball 353'),
(354, 2, 'someball 354'),
(355, 2, 'someball 355'),
(356, 3, 'someball 356'),
(357, 2, 'someball 357'),
(358, 3, 'someball 358'),
(359, 1, 'someball 359'),
(360, 1, 'someball 360'),
(361, 3, 'someball 361'),
(362, 2, 'someball 362'),
(363, 3, 'someball 363'),
(364, 1, 'someball 364'),
(365, 3, 'someball 365'),
(366, 2, 'someball 366'),
(367, 2, 'someball 367'),
(368, 2, 'someball 368'),
(369, 2, 'someball 369'),
(370, 3, 'someball 370'),
(371, 1, 'someball 371'),
(372, 3, 'someball 372'),
(373, 1, 'someball 373'),
(374, 2, 'someball 374'),
(375, 1, 'someball 375'),
(376, 1, 'someball 376'),
(377, 2, 'someball 377'),
(378, 3, 'someball 378'),
(379, 1, 'someball 379'),
(380, 3, 'someball 380'),
(381, 2, 'someball 381'),
(382, 1, 'someball 382'),
(383, 3, 'someball 383'),
(384, 1, 'someball 384'),
(385, 2, 'someball 385'),
(386, 3, 'someball 386'),
(387, 1, 'someball 387'),
(388, 2, 'someball 388'),
(389, 3, 'someball 389'),
(390, 3, 'someball 390'),
(391, 1, 'someball 391'),
(392, 2, 'someball 392'),
(393, 1, 'someball 393'),
(394, 1, 'someball 394'),
(395, 1, 'someball 395'),
(396, 1, 'someball 396'),
(397, 1, 'someball 397'),
(398, 1, 'someball 398'),
(399, 1, 'someball 399'),
(400, 1, 'someball 400'),
(401, 3, 'someball 401'),
(402, 2, 'someball 402'),
(403, 3, 'someball 403'),
(404, 1, 'someball 404'),
(405, 1, 'someball 405'),
(406, 3, 'someball 406'),
(407, 3, 'someball 407'),
(408, 1, 'someball 408'),
(409, 1, 'someball 409'),
(410, 2, 'someball 410'),
(411, 2, 'someball 411'),
(412, 2, 'someball 412'),
(413, 1, 'someball 413'),
(414, 3, 'someball 414'),
(415, 2, 'someball 415'),
(416, 3, 'someball 416'),
(417, 1, 'someball 417'),
(418, 3, 'someball 418'),
(419, 3, 'someball 419'),
(420, 3, 'someball 420'),
(421, 3, 'someball 421'),
(422, 2, 'someball 422'),
(423, 1, 'someball 423'),
(424, 2, 'someball 424'),
(425, 3, 'someball 425'),
(426, 1, 'someball 426'),
(427, 2, 'someball 427'),
(428, 3, 'someball 428'),
(429, 3, 'someball 429'),
(430, 2, 'someball 430'),
(431, 2, 'someball 431'),
(432, 1, 'someball 432'),
(433, 1, 'someball 433'),
(434, 2, 'someball 434'),
(435, 2, 'someball 435'),
(436, 2, 'someball 436'),
(437, 1, 'someball 437'),
(438, 1, 'someball 438'),
(439, 3, 'someball 439'),
(440, 3, 'someball 440'),
(441, 3, 'someball 441'),
(442, 3, 'someball 442'),
(443, 3, 'someball 443'),
(444, 3, 'someball 444'),
(445, 3, 'someball 445'),
(446, 2, 'someball 446'),
(447, 1, 'someball 447'),
(448, 3, 'someball 448'),
(449, 2, 'someball 449'),
(450, 1, 'someball 450'),
(451, 1, 'someball 451'),
(452, 2, 'someball 452'),
(453, 2, 'someball 453'),
(454, 2, 'someball 454'),
(455, 3, 'someball 455'),
(456, 3, 'someball 456'),
(457, 2, 'someball 457'),
(458, 2, 'someball 458'),
(459, 2, 'someball 459'),
(460, 3, 'someball 460'),
(461, 2, 'someball 461'),
(462, 2, 'someball 462'),
(463, 3, 'someball 463'),
(464, 3, 'someball 464'),
(465, 1, 'someball 465'),
(466, 1, 'someball 466'),
(467, 3, 'someball 467'),
(468, 2, 'someball 468'),
(469, 3, 'someball 469'),
(470, 1, 'someball 470'),
(471, 1, 'someball 471'),
(472, 2, 'someball 472'),
(473, 1, 'someball 473'),
(474, 3, 'someball 474'),
(475, 3, 'someball 475'),
(476, 1, 'someball 476'),
(477, 2, 'someball 477'),
(478, 1, 'someball 478'),
(479, 1, 'someball 479'),
(480, 3, 'someball 480'),
(481, 1, 'someball 481'),
(482, 1, 'someball 482'),
(483, 3, 'someball 483'),
(484, 3, 'someball 484'),
(485, 3, 'someball 485'),
(486, 1, 'someball 486'),
(487, 1, 'someball 487'),
(488, 2, 'someball 488'),
(489, 1, 'someball 489'),
(490, 2, 'someball 490'),
(491, 3, 'someball 491'),
(492, 1, 'someball 492'),
(493, 3, 'someball 493'),
(494, 2, 'someball 494'),
(495, 3, 'someball 495'),
(496, 3, 'someball 496'),
(497, 1, 'someball 497'),
(498, 1, 'someball 498'),
(499, 1, 'someball 499'),
(500, 2, 'someball 500'),
(501, 2, 'someball 501'),
(502, 3, 'someball 502'),
(503, 2, 'someball 503'),
(504, 3, 'someball 504'),
(505, 1, 'someball 505'),
(506, 1, 'someball 506'),
(507, 2, 'someball 507'),
(508, 1, 'someball 508'),
(509, 3, 'someball 509'),
(510, 3, 'someball 510'),
(511, 2, 'someball 511'),
(512, 1, 'someball 512'),
(513, 3, 'someball 513'),
(514, 3, 'someball 514'),
(515, 3, 'someball 515'),
(516, 3, 'someball 516'),
(517, 2, 'someball 517'),
(518, 3, 'someball 518'),
(519, 1, 'someball 519'),
(520, 1, 'someball 520'),
(521, 2, 'someball 521'),
(522, 1, 'someball 522'),
(523, 3, 'someball 523'),
(524, 2, 'someball 524'),
(525, 1, 'someball 525'),
(526, 2, 'someball 526'),
(527, 3, 'someball 527'),
(528, 2, 'someball 528'),
(529, 3, 'someball 529'),
(530, 1, 'someball 530'),
(531, 3, 'someball 531'),
(532, 1, 'someball 532'),
(533, 1, 'someball 533'),
(534, 3, 'someball 534'),
(535, 2, 'someball 535'),
(536, 3, 'someball 536'),
(537, 1, 'someball 537'),
(538, 1, 'someball 538'),
(539, 2, 'someball 539'),
(540, 1, 'someball 540'),
(541, 1, 'someball 541'),
(542, 2, 'someball 542'),
(543, 2, 'someball 543'),
(544, 1, 'someball 544'),
(545, 2, 'someball 545'),
(546, 1, 'someball 546'),
(547, 3, 'someball 547'),
(548, 2, 'someball 548'),
(549, 3, 'someball 549'),
(550, 2, 'someball 550'),
(551, 2, 'someball 551'),
(552, 3, 'someball 552'),
(553, 1, 'someball 553'),
(554, 1, 'someball 554'),
(555, 3, 'someball 555'),
(556, 3, 'someball 556'),
(557, 3, 'someball 557'),
(558, 3, 'someball 558'),
(559, 2, 'someball 559'),
(560, 2, 'someball 560'),
(561, 2, 'someball 561'),
(562, 2, 'someball 562'),
(563, 3, 'someball 563'),
(564, 1, 'someball 564'),
(565, 3, 'someball 565'),
(566, 1, 'someball 566'),
(567, 1, 'someball 567'),
(568, 3, 'someball 568'),
(569, 1, 'someball 569'),
(570, 2, 'someball 570'),
(571, 1, 'someball 571'),
(572, 1, 'someball 572'),
(573, 2, 'someball 573'),
(574, 2, 'someball 574'),
(575, 1, 'someball 575'),
(576, 3, 'someball 576'),
(577, 2, 'someball 577'),
(578, 1, 'someball 578'),
(579, 2, 'someball 579'),
(580, 3, 'someball 580'),
(581, 3, 'someball 581'),
(582, 1, 'someball 582'),
(583, 3, 'someball 583'),
(584, 3, 'someball 584'),
(585, 1, 'someball 585'),
(586, 3, 'someball 586'),
(587, 2, 'someball 587'),
(588, 2, 'someball 588'),
(589, 2, 'someball 589'),
(590, 1, 'someball 590'),
(591, 1, 'someball 591'),
(592, 2, 'someball 592'),
(593, 3, 'someball 593'),
(594, 3, 'someball 594'),
(595, 3, 'someball 595'),
(596, 1, 'someball 596'),
(597, 2, 'someball 597'),
(598, 3, 'someball 598'),
(599, 3, 'someball 599'),
(600, 1, 'someball 600'),
(601, 1, 'someball 601'),
(602, 3, 'someball 602'),
(603, 1, 'someball 603'),
(604, 1, 'someball 604'),
(605, 2, 'someball 605'),
(606, 1, 'someball 606'),
(607, 3, 'someball 607'),
(608, 3, 'someball 608'),
(609, 3, 'someball 609'),
(610, 2, 'someball 610'),
(611, 3, 'someball 611'),
(612, 1, 'someball 612'),
(613, 1, 'someball 613'),
(614, 1, 'someball 614'),
(615, 2, 'someball 615'),
(616, 2, 'someball 616'),
(617, 2, 'someball 617'),
(618, 3, 'someball 618'),
(619, 2, 'someball 619'),
(620, 3, 'someball 620'),
(621, 3, 'someball 621'),
(622, 1, 'someball 622'),
(623, 3, 'someball 623'),
(624, 3, 'someball 624'),
(625, 2, 'someball 625'),
(626, 3, 'someball 626'),
(627, 3, 'someball 627'),
(628, 3, 'someball 628'),
(629, 3, 'someball 629'),
(630, 3, 'someball 630'),
(631, 2, 'someball 631'),
(632, 1, 'someball 632'),
(633, 2, 'someball 633'),
(634, 1, 'someball 634'),
(635, 3, 'someball 635'),
(636, 3, 'someball 636'),
(637, 1, 'someball 637'),
(638, 3, 'someball 638'),
(639, 1, 'someball 639'),
(640, 1, 'someball 640'),
(641, 1, 'someball 641'),
(642, 3, 'someball 642'),
(643, 3, 'someball 643'),
(644, 1, 'someball 644'),
(645, 1, 'someball 645'),
(646, 2, 'someball 646'),
(647, 3, 'someball 647'),
(648, 1, 'someball 648'),
(649, 3, 'someball 649'),
(650, 1, 'someball 650'),
(651, 2, 'someball 651'),
(652, 2, 'someball 652'),
(653, 1, 'someball 653'),
(654, 1, 'someball 654'),
(655, 2, 'someball 655'),
(656, 1, 'someball 656'),
(657, 3, 'someball 657'),
(658, 1, 'someball 658'),
(659, 1, 'someball 659'),
(660, 2, 'someball 660'),
(661, 3, 'someball 661'),
(662, 3, 'someball 662'),
(663, 3, 'someball 663'),
(664, 3, 'someball 664'),
(665, 2, 'someball 665'),
(666, 1, 'someball 666'),
(667, 1, 'someball 667'),
(668, 1, 'someball 668'),
(669, 1, 'someball 669'),
(670, 2, 'someball 670'),
(671, 3, 'someball 671'),
(672, 1, 'someball 672'),
(673, 1, 'someball 673'),
(674, 1, 'someball 674'),
(675, 1, 'someball 675'),
(676, 1, 'someball 676'),
(677, 1, 'someball 677'),
(678, 1, 'someball 678'),
(679, 3, 'someball 679'),
(680, 3, 'someball 680'),
(681, 3, 'someball 681'),
(682, 3, 'someball 682'),
(683, 1, 'someball 683'),
(684, 1, 'someball 684'),
(685, 2, 'someball 685'),
(686, 2, 'someball 686'),
(687, 3, 'someball 687'),
(688, 2, 'someball 688'),
(689, 3, 'someball 689'),
(690, 3, 'someball 690'),
(691, 1, 'someball 691'),
(692, 3, 'someball 692'),
(693, 3, 'someball 693'),
(694, 2, 'someball 694'),
(695, 1, 'someball 695'),
(696, 2, 'someball 696'),
(697, 2, 'someball 697'),
(698, 2, 'someball 698'),
(699, 2, 'someball 699'),
(700, 2, 'someball 700'),
(701, 1, 'someball 701'),
(702, 3, 'someball 702'),
(703, 2, 'someball 703'),
(704, 3, 'someball 704'),
(705, 3, 'someball 705'),
(706, 2, 'someball 706'),
(707, 1, 'someball 707'),
(708, 2, 'someball 708'),
(709, 2, 'someball 709'),
(710, 2, 'someball 710'),
(711, 1, 'someball 711'),
(712, 2, 'someball 712'),
(713, 1, 'someball 713'),
(714, 1, 'someball 714'),
(715, 1, 'someball 715'),
(716, 1, 'someball 716'),
(717, 1, 'someball 717'),
(718, 1, 'someball 718'),
(719, 2, 'someball 719'),
(720, 2, 'someball 720'),
(721, 1, 'someball 721'),
(722, 2, 'someball 722'),
(723, 2, 'someball 723'),
(724, 2, 'someball 724'),
(725, 1, 'someball 725'),
(726, 3, 'someball 726'),
(727, 3, 'someball 727'),
(728, 3, 'someball 728'),
(729, 1, 'someball 729'),
(730, 3, 'someball 730'),
(731, 1, 'someball 731'),
(732, 3, 'someball 732'),
(733, 1, 'someball 733'),
(734, 1, 'someball 734'),
(735, 3, 'someball 735'),
(736, 1, 'someball 736'),
(737, 1, 'someball 737'),
(738, 2, 'someball 738'),
(739, 1, 'someball 739'),
(740, 2, 'someball 740'),
(741, 3, 'someball 741'),
(742, 1, 'someball 742'),
(743, 3, 'someball 743'),
(744, 1, 'someball 744'),
(745, 2, 'someball 745'),
(746, 2, 'someball 746'),
(747, 3, 'someball 747'),
(748, 1, 'someball 748'),
(749, 3, 'someball 749'),
(750, 3, 'someball 750'),
(751, 1, 'someball 751'),
(752, 3, 'someball 752'),
(753, 2, 'someball 753'),
(754, 1, 'someball 754'),
(755, 1, 'someball 755'),
(756, 2, 'someball 756'),
(757, 2, 'someball 757'),
(758, 1, 'someball 758'),
(759, 3, 'someball 759'),
(760, 1, 'someball 760'),
(761, 3, 'someball 761'),
(762, 1, 'someball 762'),
(763, 2, 'someball 763'),
(764, 2, 'someball 764'),
(765, 2, 'someball 765'),
(766, 1, 'someball 766'),
(767, 1, 'someball 767'),
(768, 2, 'someball 768'),
(769, 3, 'someball 769'),
(770, 1, 'someball 770'),
(771, 2, 'someball 771'),
(772, 3, 'someball 772'),
(773, 1, 'someball 773'),
(774, 2, 'someball 774'),
(775, 2, 'someball 775'),
(776, 3, 'someball 776'),
(777, 3, 'someball 777'),
(778, 1, 'someball 778'),
(779, 3, 'someball 779'),
(780, 1, 'someball 780'),
(781, 2, 'someball 781'),
(782, 2, 'someball 782'),
(783, 1, 'someball 783'),
(784, 3, 'someball 784'),
(785, 3, 'someball 785'),
(786, 3, 'someball 786'),
(787, 2, 'someball 787'),
(788, 1, 'someball 788'),
(789, 2, 'someball 789'),
(790, 1, 'someball 790'),
(791, 1, 'someball 791'),
(792, 3, 'someball 792'),
(793, 2, 'someball 793'),
(794, 2, 'someball 794'),
(795, 2, 'someball 795'),
(796, 2, 'someball 796'),
(797, 2, 'someball 797'),
(798, 1, 'someball 798'),
(799, 3, 'someball 799'),
(800, 2, 'someball 800'),
(801, 2, 'someball 801'),
(802, 1, 'someball 802'),
(803, 1, 'someball 803'),
(804, 2, 'someball 804'),
(805, 3, 'someball 805'),
(806, 3, 'someball 806'),
(807, 3, 'someball 807'),
(808, 2, 'someball 808'),
(809, 3, 'someball 809'),
(810, 3, 'someball 810'),
(811, 1, 'someball 811'),
(812, 1, 'someball 812'),
(813, 3, 'someball 813'),
(814, 3, 'someball 814'),
(815, 3, 'someball 815'),
(816, 1, 'someball 816'),
(817, 2, 'someball 817'),
(818, 2, 'someball 818'),
(819, 2, 'someball 819'),
(820, 3, 'someball 820'),
(821, 2, 'someball 821'),
(822, 3, 'someball 822'),
(823, 1, 'someball 823'),
(824, 3, 'someball 824'),
(825, 1, 'someball 825'),
(826, 2, 'someball 826'),
(827, 1, 'someball 827'),
(828, 3, 'someball 828'),
(829, 1, 'someball 829'),
(830, 2, 'someball 830'),
(831, 1, 'someball 831'),
(832, 2, 'someball 832'),
(833, 3, 'someball 833'),
(834, 1, 'someball 834'),
(835, 1, 'someball 835'),
(836, 1, 'someball 836'),
(837, 3, 'someball 837'),
(838, 2, 'someball 838'),
(839, 2, 'someball 839'),
(840, 2, 'someball 840'),
(841, 1, 'someball 841'),
(842, 1, 'someball 842'),
(843, 2, 'someball 843'),
(844, 2, 'someball 844'),
(845, 3, 'someball 845'),
(846, 1, 'someball 846'),
(847, 3, 'someball 847'),
(848, 2, 'someball 848'),
(849, 2, 'someball 849'),
(850, 1, 'someball 850'),
(851, 1, 'someball 851'),
(852, 2, 'someball 852'),
(853, 1, 'someball 853'),
(854, 3, 'someball 854'),
(855, 1, 'someball 855'),
(856, 3, 'someball 856'),
(857, 1, 'someball 857'),
(858, 2, 'someball 858'),
(859, 1, 'someball 859'),
(860, 3, 'someball 860'),
(861, 3, 'someball 861'),
(862, 1, 'someball 862'),
(863, 2, 'someball 863'),
(864, 2, 'someball 864'),
(865, 1, 'someball 865'),
(866, 1, 'someball 866'),
(867, 2, 'someball 867'),
(868, 2, 'someball 868'),
(869, 2, 'someball 869'),
(870, 3, 'someball 870'),
(871, 1, 'someball 871'),
(872, 3, 'someball 872'),
(873, 1, 'someball 873'),
(874, 2, 'someball 874'),
(875, 2, 'someball 875'),
(876, 1, 'someball 876'),
(877, 3, 'someball 877'),
(878, 3, 'someball 878'),
(879, 2, 'someball 879'),
(880, 3, 'someball 880'),
(881, 2, 'someball 881'),
(882, 1, 'someball 882'),
(883, 3, 'someball 883'),
(884, 2, 'someball 884'),
(885, 1, 'someball 885'),
(886, 2, 'someball 886'),
(887, 2, 'someball 887'),
(888, 1, 'someball 888'),
(889, 2, 'someball 889'),
(890, 3, 'someball 890'),
(891, 2, 'someball 891'),
(892, 1, 'someball 892'),
(893, 3, 'someball 893'),
(894, 3, 'someball 894'),
(895, 1, 'someball 895'),
(896, 1, 'someball 896'),
(897, 1, 'someball 897'),
(898, 3, 'someball 898'),
(899, 3, 'someball 899'),
(900, 3, 'someball 900'),
(901, 2, 'someball 901'),
(902, 2, 'someball 902'),
(903, 2, 'someball 903'),
(904, 3, 'someball 904'),
(905, 3, 'someball 905'),
(906, 2, 'someball 906'),
(907, 3, 'someball 907'),
(908, 2, 'someball 908'),
(909, 3, 'someball 909'),
(910, 2, 'someball 910'),
(911, 2, 'someball 911'),
(912, 2, 'someball 912'),
(913, 2, 'someball 913'),
(914, 3, 'someball 914'),
(915, 2, 'someball 915'),
(916, 2, 'someball 916'),
(917, 1, 'someball 917'),
(918, 1, 'someball 918'),
(919, 2, 'someball 919'),
(920, 2, 'someball 920'),
(921, 3, 'someball 921'),
(922, 3, 'someball 922'),
(923, 1, 'someball 923'),
(924, 1, 'someball 924'),
(925, 3, 'someball 925'),
(926, 1, 'someball 926'),
(927, 2, 'someball 927'),
(928, 3, 'someball 928'),
(929, 2, 'someball 929'),
(930, 2, 'someball 930'),
(931, 2, 'someball 931'),
(932, 1, 'someball 932'),
(933, 3, 'someball 933'),
(934, 2, 'someball 934'),
(935, 2, 'someball 935'),
(936, 2, 'someball 936'),
(937, 2, 'someball 937'),
(938, 1, 'someball 938'),
(939, 3, 'someball 939'),
(940, 2, 'someball 940'),
(941, 1, 'someball 941'),
(942, 3, 'someball 942'),
(943, 3, 'someball 943'),
(944, 1, 'someball 944'),
(945, 2, 'someball 945'),
(946, 1, 'someball 946'),
(947, 2, 'someball 947'),
(948, 1, 'someball 948'),
(949, 2, 'someball 949'),
(950, 1, 'someball 950'),
(951, 2, 'someball 951'),
(952, 3, 'someball 952'),
(953, 1, 'someball 953'),
(954, 2, 'someball 954'),
(955, 1, 'someball 955'),
(956, 3, 'someball 956'),
(957, 1, 'someball 957'),
(958, 1, 'someball 958'),
(959, 2, 'someball 959'),
(960, 3, 'someball 960'),
(961, 1, 'someball 961'),
(962, 2, 'someball 962'),
(963, 1, 'someball 963'),
(964, 2, 'someball 964'),
(965, 2, 'someball 965'),
(966, 2, 'someball 966'),
(967, 2, 'someball 967'),
(968, 1, 'someball 968'),
(969, 2, 'someball 969'),
(970, 1, 'someball 970'),
(971, 3, 'someball 971'),
(972, 3, 'someball 972'),
(973, 2, 'someball 973'),
(974, 2, 'someball 974'),
(975, 3, 'someball 975'),
(976, 1, 'someball 976'),
(977, 1, 'someball 977'),
(978, 1, 'someball 978'),
(979, 2, 'someball 979'),
(980, 1, 'someball 980'),
(981, 2, 'someball 981'),
(982, 1, 'someball 982'),
(983, 3, 'someball 983'),
(984, 3, 'someball 984'),
(985, 3, 'someball 985'),
(986, 3, 'someball 986'),
(987, 3, 'someball 987'),
(988, 1, 'someball 988'),
(989, 1, 'someball 989'),
(990, 3, 'someball 990'),
(991, 1, 'someball 991'),
(992, 3, 'someball 992'),
(993, 1, 'someball 993'),
(994, 1, 'someball 994'),
(995, 2, 'someball 995'),
(996, 2, 'someball 996'),
(997, 3, 'someball 997'),
(998, 1, 'someball 998'),
(999, 1, 'someball 999'),
(1000, 3, 'someball 1000'),
(1001, 1, 'someball 1001'),
(1002, 1, 'someball 1002'),
(1003, 2, 'someball 1003'),
(1004, 3, 'someball 1004'),
(1005, 2, 'someball 1005'),
(1006, 2, 'someball 1006'),
(1007, 2, 'someball 1007'),
(1008, 2, 'someball 1008'),
(1009, 3, 'someball 1009');

-- --------------------------------------------------------

--
-- Table structure for table `itemtypes`
--

DROP TABLE IF EXISTS `itemtypes`;

CREATE TABLE IF NOT EXISTS `itemtypes` (
  `itemtypecode` int(11) NOT NULL,
  `itemtype` varchar(200) DEFAULT NULL
) ENGINE=InnoDB DEFAULT CHARSET=utf8mb4;


--
-- Dumping data for table `itemtypes`
--

INSERT INTO `itemtypes` (`itemtypecode`, `itemtype`) VALUES
(1, 'Basketballs'),
(2, 'Volleyballs'),
(3, 'Footballs'),
(4, 'Foods');

-- --------------------------------------------------------

DROP TABLE IF EXISTS `usermaptable`;

CREATE TABLE `usermaptable` (
  `userid` int(11) NOT NULL,
  `username` varchar(55) DEFAULT NULL,
  `password` varchar(55) DEFAULT NULL
) ENGINE=InnoDB DEFAULT CHARSET=utf8mb4;

--
-- Dumping data for table `usermaptable`
--

INSERT INTO `usermaptable` (`userid`, `username`, `password`) VALUES
(1, 'Mark', 'Markel'),
(2, 'Jeff', 'Jeffery'),
(3, 'Sam', 'Sameer'),
(4, 'Hari', 'Harihar'),
(5, 'Tony', 'Tommy'),
(6, 'Stark', 'Ironman'),
(7, 'Tanya', 'Goyanka'),
(8, 'Alice', 'Bobby');

--
-- Indexes for dumped tables
--

--
-- Indexes for table `usermaptable`
--
ALTER TABLE `usermaptable`
  ADD PRIMARY KEY (`userid`);
COMMIT;

--
-- Table structure for table `problemtable`
--
DROP TABLE IF EXISTS `problemtable`;

CREATE TABLE IF NOT EXISTS `problemtable` (
  `problemid` int(11) DEFAULT NULL,
  `problemtitle` varchar(255) DEFAULT NULL,
  `problemdescription` varchar(1000) DEFAULT NULL,
  `problemdetails` varchar(500) DEFAULT NULL,
  `problemimage` varchar(50) DEFAULT NULL,
  `problemlink` varchar(255) DEFAULT NULL,
  `problemmethod` varchar(50) DEFAULT NULL
) ENGINE=InnoDB DEFAULT CHARSET=utf8mb4;

--
-- Dumping data for table `problemtable`
--

INSERT INTO `problemtable` (`problemid`, `problemtitle`, `problemdescription`, `problemdetails`, `problemimage`, `problemlink`, `problemmethod`) VALUES
(1, 'SQL INJECTION SEARCH(GET)', 'Find the password of dev stored somewhere in the database', 'use of union to exploit', '1.jpg', 'searchget.php', 'post'),
(2, 'SQL INJECTION SEARCH(POST)', 'Find the name of sat\'s favoriteanimal', 'use of union exploit', '2.jpg', 'searchpost.php', 'get'),
(3, 'SQL INJECTION SELECT(GET)', 'Find the itemtypecode of Footballs from the database', 'use of union exploit', '3.jpg', 'selectget.php', 'post'),
(4, 'SQL INJECTION SELECT(POST)', 'Find the itemtypecode of Volleyballs from the database', 'use of union exploit', '4.jpg', 'selectpost.php', 'get'),
(5, 'SQL INJECTION BLIND BOOLEAN BASED', 'Find the first five characters of database\'s name', 'use of or and exploit', '5.jpg', 'blindinjection.php', 'get'),
(6, 'SQL INJECTION STORED', 'Find the password of username bob stored somewhere in the database', 'insert select injection', '6.jpg', 'blindinjection_stored.php', 'get'),
(7, 'SQL INJECTION LOGIN FORM', 'Find all the information of tom', 'use of magic code sql injection', '7.jpg', 'logininjection.php', 'get'),
(9, 'IFRAME INJECTION', 'Embed Iframemalicious.php with this page', 'use of iframe injection', '9.jpg', 'iframeinjection.php?framesrc=good.php&frameheight=300&framewidth=400', 'post'),
(11, 'CROSS SITE SCRIPTING (STORED)', 'Find all information of cookie', 'use of img tag', '11.jpg', 'css_stored.php', 'get'),
(12, 'CROSS SITE SCRIPTING (REFLECTED)', 'Show all information of cookie', 'Use of script tag', '12.jpg', 'css_reflected.php', 'get'),
(13, 'CROSS SITE SCRIPTING (DOM)', 'Find the cookie information', 'Use of script tag', '13.jpg', 'css_dom.php', 'post'),
(20, 'HTML INJECTION (REFLECTED)', 'VISIT destination.html from this page through destination text box', 'USe of button', '20.jpg', 'htmlinjection_reflected.php', 'get'),
(21, 'HTML INJECTION (STORED)', 'Pass cookie information of this page to input field of malicious.php. Hint malicious.php just echo whatever you enter', 'use of html injection', '21.jpg', 'htmlinjection_stored.php', 'get'),
(18, 'BROKEN AUTHENTICATION LOGIN FORMS', 'Try to login and Find the username and password', 'use of saved id and pwd', '18.jpg', 'ba_loginform.php', 'get'),
(17, 'BROKEN AUTHENTICATION PASSWORD ATTACK', 'Try to login and find the username and password', 'use of stored database', '17.jpg', 'ba_passwordattack.php', 'get'),
(10, 'BRUTEFORCE ATTACK', 'Find the username and password using rockyou.txt', 'use of tool for bruteforce', '10.jpg', 'bruteforce.php', 'get'),
(14, 'BROKEN AUTHENTICATION CAPTCHA BYPASS', 'Try to login without entering the captcha in the captcha field', 'captcha bypass', '14.jpg', 'ba_captchabypass.php', 'get'),
(22, 'XML INJECTION LOGIN FORMS', 'Try to login with username shahrukh', 'use of xml command', '22.jpg', 'xml_login.php', 'get'),
(23, 'XML INJECTION SEARCH', 'Find the password of username deepika', 'use of xml', '23.jpg', 'xml_search.php', 'post'),
(8, 'OS COMMAND INJECTION', 'Find the Password of thanos stored somewhere in the directory', 'use of os command', '8.jpg', 'oscommandinjection.php', 'post'),
(16, 'BROKEN AUTHENTICATION FORGOT PASSWORD', 'Change the Password of two or more users', 'use of same link', '16.jpg', 'ba_forgotpassword.php', 'get'),
(19, 'BROKEN AUTHENTICATION LOGOUT MANAGEMENT', 'Try to login without username and password', 'use of back or copy link', '19.jpg', 'ba_logout_login.php', 'get'),
(24, 'SESSION MANAGEMENT ADMIN', 'Try to login as a Admin', 'use of intercept', '24.jpg', 'smngmnt_admin.php', 'get'),
(25, 'SESSION MANAGEMENT COOKIES', 'Try to login as a Admin', 'use of intercept', '25.jpg', 'smngmnt_cookies.php', 'get'),
(15, 'BROKEN AUTHENTICATION CAPTCHA', 'try to login successfully', 'found the captcha', '15.jpg', 'ba_captchabypass2.php', 'get');

--

CREATE TABLE IF NOT EXISTS `usercomments` (
  `username` varchar(1000) DEFAULT NULL,
  `usercomments` varchar(1000) DEFAULT NULL,
  `commentdate` date DEFAULT NULL,
  `subject` varchar(1000) DEFAULT NULL
) ENGINE=InnoDB DEFAULT CHARSET=utf8mb4;

TRUNCATE TABLE `usercomments`;

--
-- Dumping data for table `usercomments`
--

INSERT INTO `usercomments` (`username`, `usercomments`, `commentdate`, `subject`) VALUES
('welcome', 'edureka', '2020-01-19', 'feedbackform');
-- --------------------------------------------------------

--
-- Table structure for table `userlist`
--

CREATE TABLE IF NOT EXISTS `userlist` (
  `userid` int(11) DEFAULT NULL,
  `userlogin` varchar(200) DEFAULT NULL,
  `username` varchar(200) DEFAULT NULL,
  `userpwd` varchar(30) DEFAULT NULL,
  `aadharnumber` int(11) DEFAULT NULL,
  `pannumber` varchar(30) DEFAULT NULL,
  `age` int(11) DEFAULT NULL,
  `favoriteanimal` varchar(100) DEFAULT NULL
) ENGINE=InnoDB DEFAULT CHARSET=utf8mb4;

--
-- Dumping data for table `userlist`
--
TRUNCATE TABLE `userlist`;

INSERT INTO `userlist` (`userid`, `userlogin`, `username`, `userpwd`, `aadharnumber`, `pannumber`, `age`, `favoriteanimal`) VALUES
(1, 'tom', 'Tom', 'tomiscool', 10101, '1p1p1', 32, 'dog'),
(2, 'dev', 'Devraj', 'deviscool', 20201, 'xkhb1', 22, 'cow'),
(3, 'sat', 'Satya', 'satiscool', 45301, '456gh', 52, 'cat');

--
-- Indexes for dumped tables
--

--
-- Indexes for table `costcodes`
--
ALTER TABLE `costcodes`
  ADD PRIMARY KEY (`costcodeid`);

--
-- Indexes for table `itemcosts`
--
ALTER TABLE `itemcosts`
  ADD PRIMARY KEY (`itemcode`);

--
-- Indexes for table `itemlist`
--
ALTER TABLE `itemlist`
  ADD PRIMARY KEY (`itemcode`);

--
-- Indexes for table `itemtypes`
--
ALTER TABLE `itemtypes`
  ADD PRIMARY KEY (`itemtypecode`);
COMMIT;

/*!40101 SET CHARACTER_SET_CLIENT=@OLD_CHARACTER_SET_CLIENT */;
/*!40101 SET CHARACTER_SET_RESULTS=@OLD_CHARACTER_SET_RESULTS */;
/*!40101 SET COLLATION_CONNECTION=@OLD_COLLATION_CONNECTION */;
