-- MySQL dump 10.13  Distrib 8.0.18, for Win64 (x86_64)
--
-- Host: 127.0.0.1    Database: edurekadb
-- ------------------------------------------------------
-- Server version	8.0.18

/*!40101 SET @OLD_CHARACTER_SET_CLIENT=@@CHARACTER_SET_CLIENT */;
/*!40101 SET @OLD_CHARACTER_SET_RESULTS=@@CHARACTER_SET_RESULTS */;
/*!40101 SET @OLD_COLLATION_CONNECTION=@@COLLATION_CONNECTION */;
/*!50503 SET NAMES utf8 */;
/*!40103 SET @OLD_TIME_ZONE=@@TIME_ZONE */;
/*!40103 SET TIME_ZONE='+00:00' */;
/*!40014 SET @OLD_UNIQUE_CHECKS=@@UNIQUE_CHECKS, UNIQUE_CHECKS=0 */;
/*!40014 SET @OLD_FOREIGN_KEY_CHECKS=@@FOREIGN_KEY_CHECKS, FOREIGN_KEY_CHECKS=0 */;
/*!40101 SET @OLD_SQL_MODE=@@SQL_MODE, SQL_MODE='NO_AUTO_VALUE_ON_ZERO' */;
/*!40111 SET @OLD_SQL_NOTES=@@SQL_NOTES, SQL_NOTES=0 */;

--
-- Table structure for table `solutiontable`
--

DROP TABLE IF EXISTS `solutiontable`;
/*!40101 SET @saved_cs_client     = @@character_set_client */;
/*!50503 SET character_set_client = utf8mb4 */;
CREATE TABLE `solutiontable` (
  `problemid` int(11) DEFAULT NULL,
  `problemanswer` varchar(1000) DEFAULT NULL
) ENGINE=InnoDB DEFAULT CHARSET=utf8mb4 COLLATE=utf8mb4_general_ci;
/*!40101 SET character_set_client = @saved_cs_client */;

--
-- Dumping data for table `solutiontable`
--

LOCK TABLES `solutiontable` WRITE;
/*!40000 ALTER TABLE `solutiontable` DISABLE KEYS */;
INSERT INTO `solutiontable` VALUES (1,'deviscool'),(2,'cat'),(3,'3'),(4,'2'),(5,'edure'),(6,'PasswordIsPassword'),(7,'1 tom Tom tomiscool 10101 1p1p1 32 dog'),(11,'edureka=hackmeifyoucan'),(12,'titanic=iamthekingoftheworld'),(13,'starwars=maytheforcebewithyou'),(21,'findingnemo=justkeepswimming'),(20,'hrefused'),(18,'3 Idiots=All is well'),(17,'masterpassword'),(9,'frameinjected'),(10,'chelsea=lovers'),(14,'captchabypassed'),(22,'star by chance'),(23,'OmShantiOm'),(24,'adminlogin'),(25,'adminlogincookies'),(19,'userinsessionwithoutlogin'),(16,'2passwordchanged'),(8,'Forgotnewpassword'),(15,'captchafound');
/*!40000 ALTER TABLE `solutiontable` ENABLE KEYS */;
UNLOCK TABLES;

--
-- Table structure for table `useractivitylogtable`
--

DROP TABLE IF EXISTS `useractivitylogtable`;
/*!40101 SET @saved_cs_client     = @@character_set_client */;
/*!50503 SET character_set_client = utf8mb4 */;
CREATE TABLE `useractivitylogtable` (
  `sessionid` varchar(200) DEFAULT NULL,
  `date` datetime DEFAULT NULL,
  `problemid` int(11) DEFAULT NULL,
  `problemname` varchar(100) DEFAULT NULL,
  `problemstatus` varchar(200) DEFAULT NULL
) ENGINE=InnoDB DEFAULT CHARSET=utf8mb4 COLLATE=utf8mb4_general_ci;
/*!40101 SET character_set_client = @saved_cs_client */;

--
-- Dumping data for table `useractivitylogtable`
--

LOCK TABLES `useractivitylogtable` WRITE;
/*!40000 ALTER TABLE `useractivitylogtable` DISABLE KEYS */;
INSERT INTO `useractivitylogtable` VALUES ('2cec0f1fd729413d9d1fe13177feed6b','2020-01-19',2,'Search(post)','succesful query.'),('2cec0f1fd729413d9d1fe13177feed6b','2020-01-19',2,'Search(post)','input contains some restricted sql command'),('7f6d3a8bf2984119a3ac1a9a55732732','2020-01-19',2,'Search(post)','succesful query. but no results found'),('7f6d3a8bf2984119a3ac1a9a55732732','2020-01-19',2,'Search(post)','succesful query.'),('7f6d3a8bf2984119a3ac1a9a55732732','2020-01-19',2,'Search(post)','input contains some restricted sql command'),('7f6d3a8bf2984119a3ac1a9a55732732','2020-01-19',1,'Search(get)','succesful query. but no results found'),('7f6d3a8bf2984119a3ac1a9a55732732','2020-01-19',1,'Search(get)','succesful query.'),('7f6d3a8bf2984119a3ac1a9a55732732','2020-01-19',1,'Search(get)','succesful query.'),('7f6d3a8bf2984119a3ac1a9a55732732','2020-01-19',1,'Search(get)','succesful query.'),('7f6d3a8bf2984119a3ac1a9a55732732','2020-01-19',2,'Search(post)','succesful query.'),('7f6d3a8bf2984119a3ac1a9a55732732','2020-01-19',1,'Search(get)','succesful query.'),('7f6d3a8bf2984119a3ac1a9a55732732','2020-01-19',1,'Search(get)','succesful query.'),('7f6d3a8bf2984119a3ac1a9a55732732','2020-01-19',2,'Search(post)','succesful query.'),('7f6d3a8bf2984119a3ac1a9a55732732','2020-01-19',1,'Search(get)','succesful query.'),('7f6d3a8bf2984119a3ac1a9a55732732','2020-01-19',2,'Search(post)','succesful query.'),('6944476af58c4e42ba91d7747cf775a4','2020-01-19',3,'Select(get)','succesful query.'),('6944476af58c4e42ba91d7747cf775a4','2020-01-19',3,'Select(get)','succesful query.'),('6944476af58c4e42ba91d7747cf775a4','2020-01-19',4,'Select(post)','succesful query.'),('51a8dfaaa173431dbd48ed6dbf864d4d','2020-01-20',4,'Select(post)','succesful query.'),('ea6c8fc5327e493a9434d764e4ec1c0b','2020-01-20',5,'blindinjection(boolean)','the Ball exists in the the database'),('ea6c8fc5327e493a9434d764e4ec1c0b','2020-01-20',5,'blindinjection(boolean)','the Ball exists in the the database'),('ea6c8fc5327e493a9434d764e4ec1c0b','2020-01-20',5,'blindinjection(boolean)','the Ball does not exist in the the database'),('785f1c792e4d437a85ef63dd4d2cc2cd','2020-01-20',6,'SQLInjection(stored)','Database created successfully but no results found'),('785f1c792e4d437a85ef63dd4d2cc2cd','2020-01-20',6,'SQLInjection(stored)','Database created successfully'),('785f1c792e4d437a85ef63dd4d2cc2cd','2020-01-20',6,'SQLInjection(stored)','Database created successfully'),('785f1c792e4d437a85ef63dd4d2cc2cd','2020-01-20',6,'SQLInjection(stored)','Database created successfully'),('785f1c792e4d437a85ef63dd4d2cc2cd','2020-01-20',6,'SQLInjection(stored)','Database created successfully'),('785f1c792e4d437a85ef63dd4d2cc2cd','2020-01-20',6,'SQLInjection(stored)','Database created successfully'),('785f1c792e4d437a85ef63dd4d2cc2cd','2020-01-20',6,'SQLInjection(stored)','Database created successfully'),('0f125f1e4ecd489092fb898518582c63','2020-01-20',NULL,'SQL Login forms',NULL),('0f125f1e4ecd489092fb898518582c63','2020-01-20',NULL,'SQL Login forms',NULL),('0f125f1e4ecd489092fb898518582c63','2020-01-20',NULL,'SQL Login forms',NULL),('0f125f1e4ecd489092fb898518582c63','2020-01-20',NULL,'SQL Login forms',NULL),('0f125f1e4ecd489092fb898518582c63','2020-01-20',7,'SQL Login forms','Incorrect Username or Password'),('0f125f1e4ecd489092fb898518582c63','2020-01-20',7,'SQL Login forms','Incorrect Username or Password'),('93df1cbd64cc44c8894895d0889eea9e','2020-01-20',7,'SQL Login forms','Succesful query'),('93df1cbd64cc44c8894895d0889eea9e','2020-01-20',2,'Search(post)','succesful query.'),('93df1cbd64cc44c8894895d0889eea9e','2020-01-20',2,'Search(post)','succesful query.'),('93df1cbd64cc44c8894895d0889eea9e','2020-01-20',7,'SQL Login forms','Succesful query'),('b4abad4c22c84cc18055a06ed88d62fd','2020-01-20',3,'Select(get)','succesful query.'),('b4abad4c22c84cc18055a06ed88d62fd','2020-01-20',3,'Select(get)','succesful query.'),('747cea5a5c8942e4b01f30c79448f057','2020-01-20',8,'iframeinjection','<script>document.write(logactivity)</script>'),('747cea5a5c8942e4b01f30c79448f057','2020-01-20',8,'iframeinjection',NULL),('747cea5a5c8942e4b01f30c79448f057','2020-01-20',8,'iframeinjection',NULL),('747cea5a5c8942e4b01f30c79448f057','2020-01-20',8,'iframeinjection',NULL),('747cea5a5c8942e4b01f30c79448f057','2020-01-20',8,'iframeinjection',NULL),('747cea5a5c8942e4b01f30c79448f057','2020-01-20',8,'iframeinjection',NULL),('747cea5a5c8942e4b01f30c79448f057','2020-01-20',8,'iframeinjection',NULL),('747cea5a5c8942e4b01f30c79448f057','2020-01-20',8,'iframeinjection',NULL),('747cea5a5c8942e4b01f30c79448f057','2020-01-20',8,'iframeinjection',NULL),('747cea5a5c8942e4b01f30c79448f057','2020-01-20',8,'iframeinjection',' Attempt failed'),('747cea5a5c8942e4b01f30c79448f057','2020-01-20',8,'iframeinjection','Attempt failed'),('747cea5a5c8942e4b01f30c79448f057','2020-01-20',8,'iframeinjection','Attempt failed'),('747cea5a5c8942e4b01f30c79448f057','2020-01-20',8,'iframeinjection','Attempt failed'),('747cea5a5c8942e4b01f30c79448f057','2020-01-20',8,'iframeinjection','Attempt failed'),('747cea5a5c8942e4b01f30c79448f057','2020-01-20',8,'iframeinjection','Attempt failed'),('747cea5a5c8942e4b01f30c79448f057','2020-01-20',8,'iframeinjection','Attempt failed'),('747cea5a5c8942e4b01f30c79448f057','2020-01-20',8,'iframeinjection','Attempt failed'),('747cea5a5c8942e4b01f30c79448f057','2020-01-20',8,'iframeinjection','Attempt failed'),('747cea5a5c8942e4b01f30c79448f057','2020-01-20',8,'iframeinjection','Attempt failed'),('747cea5a5c8942e4b01f30c79448f057','2020-01-20',8,'iframeinjection','Attempt failed'),('747cea5a5c8942e4b01f30c79448f057','2020-01-20',8,'iframeinjection','Attempt failed'),('747cea5a5c8942e4b01f30c79448f057','2020-01-20',8,'iframeinjection','Attempt failed'),('747cea5a5c8942e4b01f30c79448f057','2020-01-20',8,'iframeinjection','Attempt failed'),('747cea5a5c8942e4b01f30c79448f057','2020-01-20',8,'iframeinjection','Attempt failed'),('747cea5a5c8942e4b01f30c79448f057','2020-01-20',8,'iframeinjection','Successful Attempt'),('747cea5a5c8942e4b01f30c79448f057','2020-01-20',8,'iframeinjection','Successful Attempt'),('747cea5a5c8942e4b01f30c79448f057','2020-01-20',8,'iframeinjection',NULL),('747cea5a5c8942e4b01f30c79448f057','2020-01-20',8,'iframeinjection',NULL),('747cea5a5c8942e4b01f30c79448f057','2020-01-20',8,'iframeinjection',NULL),('747cea5a5c8942e4b01f30c79448f057','2020-01-20',8,'iframeinjection','Successful Attempt'),('747cea5a5c8942e4b01f30c79448f057','2020-01-20',8,'iframeinjection','Attempt failed'),('747cea5a5c8942e4b01f30c79448f057','2020-01-20',8,'iframeinjection','Attempt failed'),('747cea5a5c8942e4b01f30c79448f057','2020-01-20',8,'iframeinjection','Attempt failed'),('747cea5a5c8942e4b01f30c79448f057','2020-01-20',8,'iframeinjection','Attempt failed'),('747cea5a5c8942e4b01f30c79448f057','2020-01-20',8,'iframeinjection','Attempt failed'),('747cea5a5c8942e4b01f30c79448f057','2020-01-20',8,'iframeinjection','Successful Attempt'),('747cea5a5c8942e4b01f30c79448f057','2020-01-20',8,'iframeinjection',NULL),('747cea5a5c8942e4b01f30c79448f057','2020-01-20',8,'iframeinjection','Successful Attempt'),('747cea5a5c8942e4b01f30c79448f057','2020-01-20',8,'iframeinjection',NULL),('747cea5a5c8942e4b01f30c79448f057','2020-01-20',8,'iframeinjection','Successful Attempt'),('747cea5a5c8942e4b01f30c79448f057','2020-01-20',8,'iframeinjection','Successful Attempt'),('747cea5a5c8942e4b01f30c79448f057','2020-01-20',8,'iframeinjection','Successful Attempt'),('367dce86a58d44d8808ffb3939dacc66','2020-01-20',10,'Bruteforce','Invalid username or password'),('367dce86a58d44d8808ffb3939dacc66','2020-01-20',10,'Bruteforce','Successful login'),('ecd6013f989e4dfe9d4d30aa778c7e52','2020-01-20',9,'iframeinjection','Successful Attempt'),('32ae35e2ad03459b96b38bcf5ba731d5','2020-01-20',9,'iframeinjection','Successful Attempt'),('32ae35e2ad03459b96b38bcf5ba731d5','2020-01-20',10,'Bruteforce','Successful login'),('c70d31f0c09649cba56646e3faf643bc','2020-01-20',11,'css(stored)','Database created successfully'),('c70d31f0c09649cba56646e3faf643bc','2020-01-20',11,'css(stored)','Database created successfully'),('c70d31f0c09649cba56646e3faf643bc','2020-01-20',11,'css(stored)','Database created successfully'),('c70d31f0c09649cba56646e3faf643bc','2020-01-20',11,'css(stored)','Database created successfully'),('c70d31f0c09649cba56646e3faf643bc','2020-01-20',11,'css(stored)','Database created successfully'),('c70d31f0c09649cba56646e3faf643bc','2020-01-20',11,'css(stored)','Database created successfully'),('c70d31f0c09649cba56646e3faf643bc','2020-01-20',12,'css(reflected)','success'),('c70d31f0c09649cba56646e3faf643bc','2020-01-20',12,'css(reflected)','success'),('c70d31f0c09649cba56646e3faf643bc','2020-01-20',12,'css(reflected)','success'),('c70d31f0c09649cba56646e3faf643bc','2020-01-20',12,'css(reflected)','success'),('c70d31f0c09649cba56646e3faf643bc','2020-01-20',12,'css(reflected)','success'),('c70d31f0c09649cba56646e3faf643bc','2020-01-20',12,'css(reflected)','success'),('c70d31f0c09649cba56646e3faf643bc','2020-01-20',12,'css(reflected)','success'),('c70d31f0c09649cba56646e3faf643bc','2020-01-20',12,'css(reflected)','success'),('c70d31f0c09649cba56646e3faf643bc','2020-01-20',12,'css(reflected)','success'),('c70d31f0c09649cba56646e3faf643bc','2020-01-20',12,'css(reflected)','success'),('c70d31f0c09649cba56646e3faf643bc','2020-01-20',12,'css(reflected)','success'),('c70d31f0c09649cba56646e3faf643bc','2020-01-20',12,'css(reflected)','success'),('c70d31f0c09649cba56646e3faf643bc','2020-01-20',12,'css(reflected)','success'),('c70d31f0c09649cba56646e3faf643bc','2020-01-20',13,'css(dom)','success'),('c70d31f0c09649cba56646e3faf643bc','2020-01-20',13,'css(dom)','success'),('c70d31f0c09649cba56646e3faf643bc','2020-01-20',13,'css(dom)','success'),('c70d31f0c09649cba56646e3faf643bc','2020-01-20',13,'css(dom)','success'),('c70d31f0c09649cba56646e3faf643bc','2020-01-20',13,'css(dom)','success'),('414e1e1ad8d448f6a103671bfcaf9722','2020-01-20',14,'ba_captchabypass','Not success'),('bc13dc6ed3c44edeb1d470efa3722e84','2020-01-20',14,'ba_captchabypass','Not success'),('bc13dc6ed3c44edeb1d470efa3722e84','2020-01-20',14,'ba_captchabypass','success'),('bc13dc6ed3c44edeb1d470efa3722e84','2020-01-20',14,'ba_captchabypass','success'),('bc13dc6ed3c44edeb1d470efa3722e84','2020-01-20',14,'ba_captchabypass','Not success'),('bc13dc6ed3c44edeb1d470efa3722e84','2020-01-20',14,'ba_captchabypass','success'),('bc13dc6ed3c44edeb1d470efa3722e84','2020-01-20',14,'ba_captchabypass','success'),('bc13dc6ed3c44edeb1d470efa3722e84','2020-01-20',14,'ba_captchabypass','Not success'),('bc13dc6ed3c44edeb1d470efa3722e84','2020-01-20',14,'ba_captchabypass','success'),('bc13dc6ed3c44edeb1d470efa3722e84','2020-01-20',14,'ba_captchabypass','Not success'),('bc13dc6ed3c44edeb1d470efa3722e84','2020-01-20',14,'ba_captchabypass','success'),('bc13dc6ed3c44edeb1d470efa3722e84','2020-01-20',14,'ba_captchabypass','Not success'),('bc13dc6ed3c44edeb1d470efa3722e84','2020-01-20',14,'ba_captchabypass','success'),('414e1e1ad8d448f6a103671bfcaf9722','2020-01-20',10,'Bruteforce','Successful login'),('a085f68babe1469794f17a612c07550f','2020-01-20',17,'ba_passwordattack','Successful login'),('37986f9fc0544f7c9fdb40ce32ce0c88','2020-01-20',18,'ba_loginforms','Successful login'),('790b19aa3f2d4663a092ef641064f5f1','2020-01-20',20,'HtmlInjection(reflected)','success'),('790b19aa3f2d4663a092ef641064f5f1','2020-01-20',20,'HtmlInjection(reflected)','Invalid Text'),('790b19aa3f2d4663a092ef641064f5f1','2020-01-20',20,'HtmlInjection(reflected)','success'),('92d8acd70834436dbc99d50f0c56ad80','2020-01-20',21,'HtmlInjection(stored)','not success, try some other combination'),('92d8acd70834436dbc99d50f0c56ad80','2020-01-20',21,'HtmlInjection(stored)','Database created successfully'),('92d8acd70834436dbc99d50f0c56ad80','2020-01-20',21,'HtmlInjection(stored)','Database created successfully'),('92d8acd70834436dbc99d50f0c56ad80','2020-01-20',21,'HtmlInjection(stored)','Database created successfully'),('92d8acd70834436dbc99d50f0c56ad80','2020-01-20',21,'HtmlInjection(stored)','Database created successfully'),('92d8acd70834436dbc99d50f0c56ad80','2020-01-20',21,'HtmlInjection(stored)','Database created successfully'),('92d8acd70834436dbc99d50f0c56ad80','2020-01-20',21,'HtmlInjection(stored)','Database created successfully'),('92d8acd70834436dbc99d50f0c56ad80','2020-01-20',21,'HtmlInjection(stored)','Database created successfully'),('45a691fa7cd9444d9b023e7d435d9e70','2020-01-20',22,'xml_login','Invalid username or password'),('45a691fa7cd9444d9b023e7d435d9e70','2020-01-20',22,'xml_login','Successful login'),('79c34080d3c54b6ebef83ebea28b6d58','2020-01-20',23,'xml_search','Movie found'),('79c34080d3c54b6ebef83ebea28b6d58','2020-01-20',23,'xml_search','Movie not found'),('79c34080d3c54b6ebef83ebea28b6d58','2020-01-20',23,'xml_search','Movie not found'),('79c34080d3c54b6ebef83ebea28b6d58','2020-01-20',23,'xml_search','Movie found'),('79c34080d3c54b6ebef83ebea28b6d58','2020-01-20',23,'xml_search','Movie not found'),('79c34080d3c54b6ebef83ebea28b6d58','2020-01-20',23,'xml_search','Movie not found'),('79c34080d3c54b6ebef83ebea28b6d58','2020-01-20',23,'xml_search','Movie not found'),('79c34080d3c54b6ebef83ebea28b6d58','2020-01-20',23,'xml_search','Movie not found'),('79c34080d3c54b6ebef83ebea28b6d58','2020-01-20',23,'xml_search','Movie not found'),('79c34080d3c54b6ebef83ebea28b6d58','2020-01-20',23,'xml_search','Movie not found'),('79c34080d3c54b6ebef83ebea28b6d58','2020-01-20',23,'xml_search','Movie not found'),('79c34080d3c54b6ebef83ebea28b6d58','2020-01-20',23,'xml_search','Movie not found'),('79c34080d3c54b6ebef83ebea28b6d58','2020-01-20',23,'xml_search','Movie not found'),('79c34080d3c54b6ebef83ebea28b6d58','2020-01-20',23,'xml_search','Movie not found'),('79c34080d3c54b6ebef83ebea28b6d58','2020-01-20',23,'xml_search','Movie not found'),('79c34080d3c54b6ebef83ebea28b6d58','2020-01-20',23,'xml_search','Movie not found'),('79c34080d3c54b6ebef83ebea28b6d58','2020-01-20',23,'xml_search','Movie not found'),('79c34080d3c54b6ebef83ebea28b6d58','2020-01-20',23,'xml_search','Movie not found'),('79c34080d3c54b6ebef83ebea28b6d58','2020-01-20',23,'xml_search','Movie not found'),('79c34080d3c54b6ebef83ebea28b6d58','2020-01-20',23,'xml_search','Movie not found'),('79c34080d3c54b6ebef83ebea28b6d58','2020-01-20',23,'xml_search','Movie not found'),('79c34080d3c54b6ebef83ebea28b6d58','2020-01-20',23,'xml_search','Movie found'),('79c34080d3c54b6ebef83ebea28b6d58','2020-01-20',23,'xml_search','Movie found'),('79c34080d3c54b6ebef83ebea28b6d58','2020-01-20',23,'xml_search','Movie found'),('79c34080d3c54b6ebef83ebea28b6d58','2020-01-20',23,'xml_search','Movie found'),('79c34080d3c54b6ebef83ebea28b6d58','2020-01-20',23,'xml_search','Movie not found'),('79c34080d3c54b6ebef83ebea28b6d58','2020-01-20',23,'xml_search','Movie not found'),('79c34080d3c54b6ebef83ebea28b6d58','2020-01-20',23,'xml_search','Movie not found'),('79c34080d3c54b6ebef83ebea28b6d58','2020-01-20',23,'xml_search','Movie found'),('79c34080d3c54b6ebef83ebea28b6d58','2020-01-20',23,'xml_search','Movie found'),('79c34080d3c54b6ebef83ebea28b6d58','2020-01-20',23,'xml_search','Movie found'),('79c34080d3c54b6ebef83ebea28b6d58','2020-01-20',23,'xml_search','Movie found'),('79c34080d3c54b6ebef83ebea28b6d58','2020-01-20',23,'xml_search','Movie found'),('79c34080d3c54b6ebef83ebea28b6d58','2020-01-20',23,'xml_search','Movie found'),('79c34080d3c54b6ebef83ebea28b6d58','2020-01-20',23,'xml_search','Movie found'),('79c34080d3c54b6ebef83ebea28b6d58','2020-01-20',23,'xml_search','Movie found'),('79c34080d3c54b6ebef83ebea28b6d58','2020-01-20',23,'xml_search','Movie not found'),('79c34080d3c54b6ebef83ebea28b6d58','2020-01-20',23,'xml_search','Movie found'),('79c34080d3c54b6ebef83ebea28b6d58','2020-01-20',23,'xml_search','Movie found'),('79c34080d3c54b6ebef83ebea28b6d58','2020-01-20',23,'xml_search','Movie found'),('79c34080d3c54b6ebef83ebea28b6d58','2020-01-20',23,'xml_search','Movie found'),('bf104284cc4e4cb6b7f708cf4648b290','2020-01-20',23,'xml_search','Movie found'),('bf104284cc4e4cb6b7f708cf4648b290','2020-01-20',23,'xml_search','Movie found'),('bf104284cc4e4cb6b7f708cf4648b290','2020-01-20',23,'xml_search','Movie found'),('bf104284cc4e4cb6b7f708cf4648b290','2020-01-20',23,'xml_search','Movie found'),('e6cb79ee0e19445383f7b5612e721882','2020-01-21',5,'blindinjection(boolean)','the Ball exists in the the database'),('9d450141ee0e4a778457a017b8b9e95e','2020-01-21',4,'Select(post)','succesful query.'),('9d450141ee0e4a778457a017b8b9e95e','2020-01-21',4,'Select(post)','succesful query.'),('9d450141ee0e4a778457a017b8b9e95e','2020-01-21',4,'Select(post)','succesful query.'),('9d450141ee0e4a778457a017b8b9e95e','2020-01-21',4,'Select(post)','succesful query. but no results found'),('ec6524f727314fdea9fd8cd4b1c71c16','2020-01-21',5,'blindinjection(boolean)','the Ball exists in the the database'),('ec6524f727314fdea9fd8cd4b1c71c16','2020-01-21',5,'blindinjection(boolean)','the Ball exists in the the database'),('ec6524f727314fdea9fd8cd4b1c71c16','2020-01-21',5,'blindinjection(boolean)','the Ball exists in the the database'),('ec6524f727314fdea9fd8cd4b1c71c16','2020-01-21',5,'blindinjection(boolean)','the Ball exists in the the database'),('ec6524f727314fdea9fd8cd4b1c71c16','2020-01-21',5,'blindinjection(boolean)','the Ball does not exist in the the database'),('ec6524f727314fdea9fd8cd4b1c71c16','2020-01-21',5,'blindinjection(boolean)','the Ball does not exist in the the database'),('ec6524f727314fdea9fd8cd4b1c71c16','2020-01-21',5,'blindinjection(boolean)','the Ball does not exist in the the database'),('ec6524f727314fdea9fd8cd4b1c71c16','2020-01-21',5,'blindinjection(boolean)','the Ball exists in the the database'),('ec6524f727314fdea9fd8cd4b1c71c16','2020-01-21',5,'blindinjection(boolean)','the Ball exists in the the database'),('ec6524f727314fdea9fd8cd4b1c71c16','2020-01-21',5,'blindinjection(boolean)','the Ball does not exist in the the database'),('ec6524f727314fdea9fd8cd4b1c71c16','2020-01-21',6,'SQLInjection(stored)','Database created successfully'),('ec6524f727314fdea9fd8cd4b1c71c16','2020-01-21',6,'SQLInjection(stored)','Database created successfully'),('ec6524f727314fdea9fd8cd4b1c71c16','2020-01-21',6,'SQLInjection(stored)','Database created successfully'),('ec6524f727314fdea9fd8cd4b1c71c16','2020-01-21',6,'SQLInjection(stored)','Database created successfully'),('ec6524f727314fdea9fd8cd4b1c71c16','2020-01-21',6,'SQLInjection(stored)','Database created successfully'),('562d7cd79ef24b35a7648c047450973b','2020-01-21',9,'iframeinjection','Successful Attempt'),('562d7cd79ef24b35a7648c047450973b','2020-01-21',7,'SQL Login forms','Succesful query'),('562d7cd79ef24b35a7648c047450973b','2020-01-21',7,'SQL Login forms','Succesful query'),('562d7cd79ef24b35a7648c047450973b','2020-01-21',6,'SQLInjection(stored)','Database created successfully'),('562d7cd79ef24b35a7648c047450973b','2020-01-21',6,'SQLInjection(stored)','Database created successfully'),('562d7cd79ef24b35a7648c047450973b','2020-01-21',9,'iframeinjection','Successful Attempt'),('562d7cd79ef24b35a7648c047450973b','2020-01-21',9,'iframeinjection','Successful Attempt'),('32999d72f90948fdb0877fd79b0566a7','2020-01-21',20,'HtmlInjection(reflected)','success'),('6aa557ec0c47478b81be992e73ecc95d','2020-01-21',11,'css(stored)','Database created successfully'),('6aa557ec0c47478b81be992e73ecc95d','2020-01-21',11,'css(stored)','Database created successfully'),('6aa557ec0c47478b81be992e73ecc95d','2020-01-21',11,'css(stored)','Database created successfully'),('6aa557ec0c47478b81be992e73ecc95d','2020-01-21',11,'css(stored)','Database created successfully'),('5618b1d6869f4c77b62327699121bb66','2020-01-21',12,'css(reflected)','success'),('5618b1d6869f4c77b62327699121bb66','2020-01-21',12,'css(reflected)','success'),('5618b1d6869f4c77b62327699121bb66','2020-01-21',12,'css(reflected)','success'),('5618b1d6869f4c77b62327699121bb66','2020-01-21',12,'css(reflected)','success'),('5618b1d6869f4c77b62327699121bb66','2020-01-21',12,'css(reflected)','success'),('5618b1d6869f4c77b62327699121bb66','2020-01-21',12,'css(reflected)','success'),('5618b1d6869f4c77b62327699121bb66','2020-01-21',11,'css(stored)','Database created successfully'),('5618b1d6869f4c77b62327699121bb66','2020-01-21',12,'css(reflected)','success'),('5618b1d6869f4c77b62327699121bb66','2020-01-21',12,'css(reflected)','success'),('5618b1d6869f4c77b62327699121bb66','2020-01-21',3,'Select(get)','succesful query.'),('5618b1d6869f4c77b62327699121bb66','2020-01-21',13,'css(dom)','success'),('5618b1d6869f4c77b62327699121bb66','2020-01-21',13,'css(dom)','success'),('5618b1d6869f4c77b62327699121bb66','2020-01-21',13,'css(dom)','success'),('5618b1d6869f4c77b62327699121bb66','2020-01-21',13,'css(dom)','success'),('5618b1d6869f4c77b62327699121bb66','2020-01-21',13,'css(dom)','success'),('5618b1d6869f4c77b62327699121bb66','2020-01-21',13,'css(dom)','success'),('5618b1d6869f4c77b62327699121bb66','2020-01-21',13,'css(dom)','success'),('5618b1d6869f4c77b62327699121bb66','2020-01-21',21,'HtmlInjection(stored)','Database created successfully'),('5618b1d6869f4c77b62327699121bb66','2020-01-21',21,'HtmlInjection(stored)','Database created successfully'),('5618b1d6869f4c77b62327699121bb66','2020-01-21',10,'Bruteforce','Successful login'),('5618b1d6869f4c77b62327699121bb66','2020-01-21',10,'Bruteforce','Invalid username or password'),('5618b1d6869f4c77b62327699121bb66','2020-01-21',10,'Bruteforce','Successful login'),('5618b1d6869f4c77b62327699121bb66','2020-01-21',17,'ba_passwordattack','Successful login'),('5618b1d6869f4c77b62327699121bb66','2020-01-21',22,'xml_login','Invalid username or password'),('5618b1d6869f4c77b62327699121bb66','2020-01-21',22,'xml_login','Invalid username or password'),('5618b1d6869f4c77b62327699121bb66','2020-01-21',22,'xml_login','Successful login'),('5618b1d6869f4c77b62327699121bb66','2020-01-21',14,'ba_captchabypass','Not success'),('bc13dc6ed3c44edeb1d470efa3722e84','2020-01-21',14,'ba_captchabypass','Not success'),('bc13dc6ed3c44edeb1d470efa3722e84','2020-01-21',14,'ba_captchabypass','success'),('5618b1d6869f4c77b62327699121bb66','2020-01-21',7,'SQL Login forms','Succesful query'),('9d7a3104404141ad848d734b0aa60c5d','2020-01-21',1,'Search(get)','succesful query.'),('9d7a3104404141ad848d734b0aa60c5d','2020-01-21',1,'Search(get)','succesful query.'),('9d7a3104404141ad848d734b0aa60c5d','2020-01-21',1,'Search(get)','succesful query.'),('9d7a3104404141ad848d734b0aa60c5d','2020-01-21',1,'Search(get)','succesful query.'),('9d7a3104404141ad848d734b0aa60c5d','2020-01-21',1,'Search(get)','succesful query.'),('9d7a3104404141ad848d734b0aa60c5d','2020-01-21',1,'Search(get)','succesful query.'),('9d7a3104404141ad848d734b0aa60c5d','2020-01-21',1,'Search(get)','succesful query.'),('9a89bb6323cd4be68680ef53ba8e1d02','2020-01-21',2,'Search(post)','succesful query.'),('9a89bb6323cd4be68680ef53ba8e1d02','2020-01-21',2,'Search(post)','succesful query.'),('9a89bb6323cd4be68680ef53ba8e1d02','2020-01-21',2,'Search(post)','succesful query.'),('9a89bb6323cd4be68680ef53ba8e1d02','2020-01-22',2,'Search(post)','succesful query.'),('9a89bb6323cd4be68680ef53ba8e1d02','2020-01-22',2,'Search(post)','succesful query.'),('9a89bb6323cd4be68680ef53ba8e1d02','2020-01-22',2,'Search(post)','succesful query.'),('9a89bb6323cd4be68680ef53ba8e1d02','2020-01-22',2,'Search(post)','succesful query.'),('9a89bb6323cd4be68680ef53ba8e1d02','2020-01-22',3,'Select(get)','succesful query.'),('bc13dc6ed3c44edeb1d470efa3722e84','2020-01-22',4,'Select(post)','succesful query.'),('bc13dc6ed3c44edeb1d470efa3722e84','2020-01-22',4,'Select(post)','succesful query.'),('9a89bb6323cd4be68680ef53ba8e1d02','2020-01-22',5,'blindinjection(boolean)','the Ball exists in the the database'),('9a89bb6323cd4be68680ef53ba8e1d02','2020-01-22',5,'blindinjection(boolean)','the Ball does not exist in the the database'),('9a89bb6323cd4be68680ef53ba8e1d02','2020-01-22',5,'blindinjection(boolean)','the Ball exists in the the database'),('9a89bb6323cd4be68680ef53ba8e1d02','2020-01-22',5,'blindinjection(boolean)','the Ball does not exist in the the database'),('9a89bb6323cd4be68680ef53ba8e1d02','2020-01-22',5,'blindinjection(boolean)','the Ball exists in the the database'),('9a89bb6323cd4be68680ef53ba8e1d02','2020-01-22',5,'blindinjection(boolean)','the Ball does not exist in the the database'),('9a89bb6323cd4be68680ef53ba8e1d02','2020-01-22',5,'blindinjection(boolean)','the Ball exists in the the database'),('9a89bb6323cd4be68680ef53ba8e1d02','2020-01-22',5,'blindinjection(boolean)','the Ball exists in the the database'),('9a89bb6323cd4be68680ef53ba8e1d02','2020-01-22',6,'SQLInjection(stored)','Database created successfully'),('9a89bb6323cd4be68680ef53ba8e1d02','2020-01-22',6,'SQLInjection(stored)','Database created successfully'),('9a89bb6323cd4be68680ef53ba8e1d02','2020-01-22',6,'SQLInjection(stored)','Database created successfully'),('9a89bb6323cd4be68680ef53ba8e1d02','2020-01-22',7,'SQL Login forms','Succesful query'),('91223fd3e10f414d98bd599e56753a17','2020-01-22',9,'iframeinjection','Successful Attempt'),('91223fd3e10f414d98bd599e56753a17','2020-01-22',9,'iframeinjection','Successful Attempt'),('3b3362d8ad6b479b9f7a5eced30f62fe','2020-01-22',10,'Bruteforce','Invalid username or password'),('3b3362d8ad6b479b9f7a5eced30f62fe','2020-01-22',10,'Bruteforce','Successful login'),('f2b4bf4064a04d3ea6dff5c6bf1e3c72','2020-01-22',11,'css(stored)','Database created successfully'),('f2b4bf4064a04d3ea6dff5c6bf1e3c72','2020-01-22',11,'css(stored)','Database created successfully'),('f2b4bf4064a04d3ea6dff5c6bf1e3c72','2020-01-22',11,'css(stored)','Database created successfully'),('cdf27765203e411b91cebb97eb91aa90','2020-01-22',12,'css(reflected)','success'),('cdf27765203e411b91cebb97eb91aa90','2020-01-22',12,'css(reflected)','success'),('cdf27765203e411b91cebb97eb91aa90','2020-01-22',12,'css(reflected)','success'),('cdf27765203e411b91cebb97eb91aa90','2020-01-22',12,'css(reflected)','success'),('c0b70c65fd94408ca72a2ab94d6c9f76','2020-01-22',18,'ba_loginforms','Invalid username or password'),('c0b70c65fd94408ca72a2ab94d6c9f76','2020-01-22',18,'ba_loginforms','Successful login'),('0ac28399fcd54c45b6638e15ccdddbdf','2020-01-22',20,'HtmlInjection(reflected)','success'),('36805490d74047ee98a2b81d45bc4d7d','2020-01-22',21,'HtmlInjection(stored)','Database created successfully'),('adba82b96ce6473b81264cc72eaabf64','2020-01-22',22,'xml_login','Successful login'),('df4ab985aef2496b82eb5f0d232daf9d','2020-01-22',23,'xml_search','Movie found'),('df4ab985aef2496b82eb5f0d232daf9d','2020-01-22',23,'xml_search','Movie found'),('df4ab985aef2496b82eb5f0d232daf9d','2020-01-22',23,'xml_search','Movie found'),('0b9e138bb960411fa668aa9e10e99c37','2020-01-22',9,'iframeinjection',NULL),('190a88cbdac84386a553db0ec81ab201','2020-01-22',7,'SQL Login forms','Succesful query'),('bc13dc6ed3c44edeb1d470efa3722e84','2020-01-22',7,'SQL Login forms','Succesful query'),('190a88cbdac84386a553db0ec81ab201','2020-01-22',24,'smngmnt_admin','Not admin'),('bc13dc6ed3c44edeb1d470efa3722e84','2020-01-22',24,'smngmnt_admin','Admin login successful'),('bc13dc6ed3c44edeb1d470efa3722e84','2020-01-22',24,'smngmnt_admin','Not admin'),('190a88cbdac84386a553db0ec81ab201','2020-01-22',24,'smngmnt_admin','Not admin'),('190a88cbdac84386a553db0ec81ab201','2020-01-22',24,'smngmnt_admin','Not admin'),('190a88cbdac84386a553db0ec81ab201','2020-01-22',24,'smngmnt_admin','Not admin'),('190a88cbdac84386a553db0ec81ab201','2020-01-22',24,'smngmnt_admin','Admin login successful'),('190a88cbdac84386a553db0ec81ab201','2020-01-22',24,'smngmnt_admin','Not admin'),('190a88cbdac84386a553db0ec81ab201','2020-01-22',24,'smngmnt_admin','Not admin'),('bc13dc6ed3c44edeb1d470efa3722e84','2020-01-22',24,'smngmnt_admin','Admin login successful'),('bc13dc6ed3c44edeb1d470efa3722e84','2020-01-22',24,'smngmnt_admin','Admin login successful'),('bc13dc6ed3c44edeb1d470efa3722e84','2020-01-22',24,'smngmnt_admin','Admin login successful'),('190a88cbdac84386a553db0ec81ab201','2020-01-22',24,'smngmnt_admin','Not admin'),('bc13dc6ed3c44edeb1d470efa3722e84','2020-01-22',24,'smngmnt_admin','Admin login successful'),('bc13dc6ed3c44edeb1d470efa3722e84','2020-01-22',24,'smngmnt_admin','Admin login successful'),('190a88cbdac84386a553db0ec81ab201','2020-01-22',24,'smngmnt_admin','Not admin'),('bc13dc6ed3c44edeb1d470efa3722e84','2020-01-22',24,'smngmnt_admin','Not admin'),('190a88cbdac84386a553db0ec81ab201','2020-01-22',24,'smngmnt_admin','Admin login successful'),('190a88cbdac84386a553db0ec81ab201','2020-01-22',24,'smngmnt_admin','Admin login successful'),('190a88cbdac84386a553db0ec81ab201','2020-01-22',24,'smngmnt_admin','Not admin'),('190a88cbdac84386a553db0ec81ab201','2020-01-22',24,'smngmnt_admin','Admin login successful'),('190a88cbdac84386a553db0ec81ab201','2020-01-22',24,'smngmnt_admin','Not admin'),('190a88cbdac84386a553db0ec81ab201','2020-01-22',24,'smngmnt_admin','Admin login successful'),('190a88cbdac84386a553db0ec81ab201','2020-01-22',24,'smngmnt_admin','Admin login successful'),('190a88cbdac84386a553db0ec81ab201','2020-01-22',24,'smngmnt_admin','Admin login successful'),('bc13dc6ed3c44edeb1d470efa3722e84','2020-01-22',24,'smngmnt_admin','Not admin'),('bc13dc6ed3c44edeb1d470efa3722e84','2020-01-22',24,'smngmnt_admin','Not admin'),('190a88cbdac84386a553db0ec81ab201','2020-01-22',24,'smngmnt_admin','Not admin'),('190a88cbdac84386a553db0ec81ab201','2020-01-22',24,'smngmnt_admin','Not admin'),('190a88cbdac84386a553db0ec81ab201','2020-01-22',24,'smngmnt_admin','Not admin'),('bc13dc6ed3c44edeb1d470efa3722e84','2020-01-22',24,'smngmnt_admin','Not admin'),('bc13dc6ed3c44edeb1d470efa3722e84','2020-01-22',24,'smngmnt_admin','Admin login successful'),('bc13dc6ed3c44edeb1d470efa3722e84','2020-01-22',25,'smngmnt_admin','Not admin'),('bc13dc6ed3c44edeb1d470efa3722e84','2020-01-22',25,'smngmnt_admin','Admin login successful'),('190a88cbdac84386a553db0ec81ab201','2020-01-22',25,'smngmnt_cookies','Not admin'),('190a88cbdac84386a553db0ec81ab201','2020-01-22',25,'smngmnt_cookies','Not admin'),('190a88cbdac84386a553db0ec81ab201','2020-01-22',25,'smngmnt_cookies','Not admin'),('190a88cbdac84386a553db0ec81ab201','2020-01-22',25,'smngmnt_cookies','Not admin'),('bc13dc6ed3c44edeb1d470efa3722e84','2020-01-22',25,'smngmnt_cookies','Admin login successful'),('190a88cbdac84386a553db0ec81ab201','2020-01-22',25,'smngmnt_cookies','Not admin'),('190a88cbdac84386a553db0ec81ab201','2020-01-22',25,'smngmnt_cookies','Not admin'),('190a88cbdac84386a553db0ec81ab201','2020-01-22',25,'smngmnt_cookies','Not admin'),('190a88cbdac84386a553db0ec81ab201','2020-01-22',25,'smngmnt_cookies','Not admin'),('190a88cbdac84386a553db0ec81ab201','2020-01-22',25,'smngmnt_cookies','Not admin'),('190a88cbdac84386a553db0ec81ab201','2020-01-22',25,'smngmnt_cookies','Not admin'),('190a88cbdac84386a553db0ec81ab201','2020-01-22',12,'css(reflected)','success'),('190a88cbdac84386a553db0ec81ab201','2020-01-22',12,'css(reflected)','success'),('190a88cbdac84386a553db0ec81ab201','2020-01-22',25,'smngmnt_cookies','Not admin'),('190a88cbdac84386a553db0ec81ab201','2020-01-22',25,'smngmnt_cookies','Not admin'),('4db33421e2cb44cbbfb5f1b3da0c4b86','2020-01-23',25,'smngmnt_cookies','Not admin'),('4db33421e2cb44cbbfb5f1b3da0c4b86','2020-01-23',25,'smngmnt_cookies','Not admin'),('4db33421e2cb44cbbfb5f1b3da0c4b86','2020-01-23',25,'smngmnt_cookies','Not admin'),('bc13dc6ed3c44edeb1d470efa3722e84','2020-01-23',25,'smngmnt_cookies','Not admin'),('4db33421e2cb44cbbfb5f1b3da0c4b86','2020-01-23',25,'smngmnt_cookies','Not admin'),('4db33421e2cb44cbbfb5f1b3da0c4b86','2020-01-23',25,'smngmnt_cookies','Not admin'),('bc13dc6ed3c44edeb1d470efa3722e84','2020-01-23',25,'smngmnt_cookies','Admin login successful'),('4db33421e2cb44cbbfb5f1b3da0c4b86','2020-01-23',25,'smngmnt_cookies','Not admin'),('bc13dc6ed3c44edeb1d470efa3722e84','2020-01-23',25,'smngmnt_cookies','Not admin'),('bc13dc6ed3c44edeb1d470efa3722e84','2020-01-23',25,'smngmnt_cookies','Admin login successful'),('4db33421e2cb44cbbfb5f1b3da0c4b86','2020-01-23',25,'smngmnt_cookies','Not admin'),('bc13dc6ed3c44edeb1d470efa3722e84','2020-01-23',25,'smngmnt_cookies','Admin login successful'),('4db33421e2cb44cbbfb5f1b3da0c4b86','2020-01-23',3,'os_commandinjection','command run succesfully'),('4db33421e2cb44cbbfb5f1b3da0c4b86','2020-01-23',22,'ba_logout','Invalid username or password'),('4db33421e2cb44cbbfb5f1b3da0c4b86','2020-01-23',22,'ba_logout','Invalid username or password'),('4db33421e2cb44cbbfb5f1b3da0c4b86','2020-01-23',22,'ba_logout','Successful login'),('4db33421e2cb44cbbfb5f1b3da0c4b86','2020-01-23',22,'ba_logout','Successful login'),('4db33421e2cb44cbbfb5f1b3da0c4b86','2020-01-23',22,'ba_logout','Successful login'),('4db33421e2cb44cbbfb5f1b3da0c4b86','2020-01-23',22,'ba_logout','Successful login'),('4db33421e2cb44cbbfb5f1b3da0c4b86','2020-01-23',22,'ba_logout','Successful login'),('4db33421e2cb44cbbfb5f1b3da0c4b86','2020-01-23',22,'ba_logout','Successful login'),('bc13dc6ed3c44edeb1d470efa3722e84','2020-01-23',22,'ba_logout','Invalid username or password'),('4db33421e2cb44cbbfb5f1b3da0c4b86','2020-01-23',22,'ba_logout','Successful login'),('4db33421e2cb44cbbfb5f1b3da0c4b86','2020-01-23',22,'ba_logout','Successful login'),('4db33421e2cb44cbbfb5f1b3da0c4b86','2020-01-23',22,'ba_logout','Successful login'),('4db33421e2cb44cbbfb5f1b3da0c4b86','2020-01-23',22,'ba_logout','Successful login'),('e27dfeb70b744053a60e8a939f3c065f','2020-01-23',19,'ba_logout','Successful Attempt'),('e27dfeb70b744053a60e8a939f3c065f','2020-01-23',19,'ba_logout','Successful Attempt'),('e27dfeb70b744053a60e8a939f3c065f','2020-01-23',19,'ba_logout','Successful Attempt'),('e27dfeb70b744053a60e8a939f3c065f','2020-01-23',19,'ba_logout','Successful Attempt'),('e27dfeb70b744053a60e8a939f3c065f','2020-01-23',19,'ba_logout','Successful Attempt'),('e27dfeb70b744053a60e8a939f3c065f','2020-01-23',19,'ba_logout','Successful Attempt'),('e27dfeb70b744053a60e8a939f3c065f','2020-01-23',19,'ba_logout','Not Successful Attempt'),('e27dfeb70b744053a60e8a939f3c065f','2020-01-23',19,'ba_logout','Successful Attempt'),('e27dfeb70b744053a60e8a939f3c065f','2020-01-23',19,'ba_logout','Successful Attempt'),('e27dfeb70b744053a60e8a939f3c065f','2020-01-23',19,'ba_logout','Successful Attempt'),('e27dfeb70b744053a60e8a939f3c065f','2020-01-23',19,'ba_logout','Not Successful Attempt'),('e27dfeb70b744053a60e8a939f3c065f','2020-01-23',19,'ba_logout','Not Successful Attempt'),('e27dfeb70b744053a60e8a939f3c065f','2020-01-23',19,'ba_logout','Not Successful Attempt'),('e27dfeb70b744053a60e8a939f3c065f','2020-01-23',19,'ba_logout','Not Successful Attempt'),('e27dfeb70b744053a60e8a939f3c065f','2020-01-23',19,'ba_logout','Not Successful Attempt'),('48108530450b4afbb54e0164dc45a51b','2020-01-23',19,'ba_logout','Not Successful Attempt'),('48108530450b4afbb54e0164dc45a51b','2020-01-23',19,'ba_logout','Not Successful Attempt'),('48108530450b4afbb54e0164dc45a51b','2020-01-23',19,'ba_logout','Not Successful Attempt'),('48108530450b4afbb54e0164dc45a51b','2020-01-23',19,'ba_logout','Not Successful Attempt'),('48108530450b4afbb54e0164dc45a51b','2020-01-23',19,'ba_logout','Not Successful Attempt'),('48108530450b4afbb54e0164dc45a51b','2020-01-23',19,'ba_logout','Successful Attempt'),('48108530450b4afbb54e0164dc45a51b','2020-01-23',19,'ba_logout','Not Successful Attempt'),('48108530450b4afbb54e0164dc45a51b','2020-01-23',19,'ba_logout','Not Successful Attempt'),('48108530450b4afbb54e0164dc45a51b','2020-01-23',19,'ba_logout','Successful Attempt'),('d9e7f222b63a48e5a3339ad5793ae8d7','2020-01-23',16,'ba_Forgotpassword',NULL),('d9e7f222b63a48e5a3339ad5793ae8d7','2020-01-23',16,'ba_Forgotpassword','password successfully changed for Mark'),('d9e7f222b63a48e5a3339ad5793ae8d7','2020-01-23',16,'ba_Forgotpassword','password successfully changed for Jeff'),('d9e7f222b63a48e5a3339ad5793ae8d7','2020-01-23',16,'ba_Forgotpassword','password successfully changed for Jeff'),('d9e7f222b63a48e5a3339ad5793ae8d7','2020-01-23',16,'ba_Forgotpassword','password successfully changed for Jeff'),('d9e7f222b63a48e5a3339ad5793ae8d7','2020-01-23',16,'ba_Forgotpassword','password successfully changed for Jeff'),('4429fabc965443dd9b707f7b3ae70424','2020-01-23',1,'Search(get)','succesful query.'),('4b7abbaefac34e2e9dce1e54e159e0b5','2020-01-23',19,'ba_logout','Successful Attempt'),('4b7abbaefac34e2e9dce1e54e159e0b5','2020-01-23',23,'xml_search','Movie found'),('4b7abbaefac34e2e9dce1e54e159e0b5','2020-01-23',23,'xml_search','Movie found'),('4b7abbaefac34e2e9dce1e54e159e0b5','2020-01-23',23,'xml_search','Movie found'),('4b7abbaefac34e2e9dce1e54e159e0b5','2020-01-23',23,'xml_search','Movie found'),('4b7abbaefac34e2e9dce1e54e159e0b5','2020-01-23',23,'xml_search','Movie found'),('54a496ae7ccc4de0a35f3c72c1790dfb','2020-01-24',14,'ba_captchabypass','Not success'),('54a496ae7ccc4de0a35f3c72c1790dfb','2020-01-24',14,'ba_captchabypass','Not success'),('43550622ec734264b7228dcc942d0e21','2020-01-24',23,'xml_search','Movie found'),('43550622ec734264b7228dcc942d0e21','2020-01-24',23,'xml_search','Movie found'),('43550622ec734264b7228dcc942d0e21','2020-01-24',23,'xml_search','Movie found'),('43550622ec734264b7228dcc942d0e21','2020-01-24',23,'xml_search','Movie found'),('43550622ec734264b7228dcc942d0e21','2020-01-24',23,'xml_search','Movie found'),('43550622ec734264b7228dcc942d0e21','2020-01-24',23,'xml_search','Movie found'),('43550622ec734264b7228dcc942d0e21','2020-01-24',23,'xml_search','Movie found'),('43550622ec734264b7228dcc942d0e21','2020-01-24',23,'xml_search','Movie found'),('43550622ec734264b7228dcc942d0e21','2020-01-24',23,'xml_search','Movie found'),('43550622ec734264b7228dcc942d0e21','2020-01-24',23,'xml_search','Movie found'),('43550622ec734264b7228dcc942d0e21','2020-01-24',23,'xml_search','Movie found'),('43550622ec734264b7228dcc942d0e21','2020-01-24',23,'xml_search','Movie found'),('43550622ec734264b7228dcc942d0e21','2020-01-24',23,'xml_search','Movie found'),('43550622ec734264b7228dcc942d0e21','2020-01-24',23,'xml_search','Movie found'),('43550622ec734264b7228dcc942d0e21','2020-01-24',23,'xml_search','Movie found'),('43550622ec734264b7228dcc942d0e21','2020-01-24',23,'xml_search','Movie found'),('43550622ec734264b7228dcc942d0e21','2020-01-24',23,'xml_search','Movie found'),('43550622ec734264b7228dcc942d0e21','2020-01-24',23,'xml_search','Movie found'),('43550622ec734264b7228dcc942d0e21','2020-01-24',23,'xml_search','Movie found'),('43550622ec734264b7228dcc942d0e21','2020-01-24',23,'xml_search','Movie found'),('43550622ec734264b7228dcc942d0e21','2020-01-24',23,'xml_search','Movie found'),('43550622ec734264b7228dcc942d0e21','2020-01-24',23,'xml_search','Movie found'),('43550622ec734264b7228dcc942d0e21','2020-01-24',23,'xml_search','Movie found'),('43550622ec734264b7228dcc942d0e21','2020-01-24',23,'xml_search','Movie found'),('43550622ec734264b7228dcc942d0e21','2020-01-24',23,'xml_search','Movie found'),('43550622ec734264b7228dcc942d0e21','2020-01-24',23,'xml_search','Movie found'),('43550622ec734264b7228dcc942d0e21','2020-01-24',23,'xml_search','Movie found'),('43550622ec734264b7228dcc942d0e21','2020-01-24',23,'xml_search','Movie found'),('43550622ec734264b7228dcc942d0e21','2020-01-24',23,'xml_search','Movie found'),('43550622ec734264b7228dcc942d0e21','2020-01-24',23,'xml_search','Movie found'),('5250e88c4c724f56836578dbbcce82b2','2020-01-24',12,'css(reflected)','success'),('5250e88c4c724f56836578dbbcce82b2','2020-01-24',3,'os_commandinjection','command run succesfully'),('5250e88c4c724f56836578dbbcce82b2','2020-01-24',3,'os_commandinjection','command run succesfully'),('5250e88c4c724f56836578dbbcce82b2','2020-01-24',3,'os_commandinjection','command run succesfully'),('5250e88c4c724f56836578dbbcce82b2','2020-01-24',3,'os_commandinjection','command run succesfully'),('5250e88c4c724f56836578dbbcce82b2','2020-01-24',3,'os_commandinjection','command run succesfully'),('5250e88c4c724f56836578dbbcce82b2','2020-01-24',3,'os_commandinjection','command run succesfully'),('fe0afbd756fb4551828bd1c98b779890','2020-01-24',8,'os_commandinjection','command run succesfully'),('fe0afbd756fb4551828bd1c98b779890','2020-01-24',8,'os_commandinjection','command run succesfully'),('fe0afbd756fb4551828bd1c98b779890','2020-01-24',8,'os_commandinjection','command run succesfully'),('fe0afbd756fb4551828bd1c98b779890','2020-01-24',8,'os_commandinjection','command run succesfully'),('fe0afbd756fb4551828bd1c98b779890','2020-01-24',16,'ba_Forgotpassword','password successfully changed for Mark'),('fe0afbd756fb4551828bd1c98b779890','2020-01-24',16,'ba_Forgotpassword','password successfully changed for Mark'),('fe0afbd756fb4551828bd1c98b779890','2020-01-24',16,'ba_Forgotpassword','password successfully changed for Mark'),('fe0afbd756fb4551828bd1c98b779890','2020-01-24',16,'ba_Forgotpassword','password successfully changed for Mark'),('6ba7e65b274c4d9491ab7e3b0660acde','2020-01-24',15,'ba_captchabypass2','Not success'),('6ba7e65b274c4d9491ab7e3b0660acde','2020-01-24',15,'ba_captchabypass2','Not success'),('6ba7e65b274c4d9491ab7e3b0660acde','2020-01-24',15,'ba_captchabypass2','Not success'),('6ba7e65b274c4d9491ab7e3b0660acde','2020-01-24',15,'ba_captchabypass2','success'),('6ba7e65b274c4d9491ab7e3b0660acde','2020-01-24',15,'ba_captchabypass2','success'),('6ba7e65b274c4d9491ab7e3b0660acde','2020-01-24',15,'ba_captchabypass2','success'),('f9d3d0c2507e4395955f0502bdfb858f','2020-01-24',9,'iframeinjection','Successful Attempt'),('508bb0a64d834c04a33192e5d641925e','2020-01-24',1,'Search(get)','succesful query.'),('508bb0a64d834c04a33192e5d641925e','2020-01-24',1,'Search(get)','succesful query.'),('508bb0a64d834c04a33192e5d641925e','2020-01-24',1,'Search(get)','succesful query.'),('508bb0a64d834c04a33192e5d641925e','2020-01-24',1,'Search(get)','succesful query.'),('508bb0a64d834c04a33192e5d641925e','2020-01-24',1,'Search(get)','succesful query. but no results found'),('508bb0a64d834c04a33192e5d641925e','2020-01-24',1,'Search(get)','succesful query.'),('508bb0a64d834c04a33192e5d641925e','2020-01-24',1,'Search(get)','succesful query.'),('508bb0a64d834c04a33192e5d641925e','2020-01-24',1,'Search(get)','succesful query. but no results found'),('508bb0a64d834c04a33192e5d641925e','2020-01-24',1,'Search(get)','succesful query. but no results found'),('e0a51b6fb6bf4677b3a11593c1a770fd','2020-01-24',9,'iframeinjection','Successful Attempt'),('e0a51b6fb6bf4677b3a11593c1a770fd','2020-01-24',9,'iframeinjection','Successful Attempt'),('f26478f56c944c4c8f170f433207a419','2020-01-24',9,'iframeinjection','Successful Attempt'),('1b6f7f695986427eb4905cdc0246f7bf','2020-01-24',6,'SQLInjection(stored)','Database created successfully'),('1b6f7f695986427eb4905cdc0246f7bf','2020-01-24',6,'SQLInjection(stored)','Database created successfully'),('1b6f7f695986427eb4905cdc0246f7bf','2020-01-24',11,'css(stored)','Database created successfully'),('1b6f7f695986427eb4905cdc0246f7bf','2020-01-24',21,'HtmlInjection(stored)','Database created successfully'),('5abec145dbe946ffb27cdc53335357da','2020-01-27',1,'Search(get)','succesful query.'),('c7f0cdc5072344f0b2a785fd9dd55b82','2020-01-28',1,'Search(get)','succesful query.'),('c7f0cdc5072344f0b2a785fd9dd55b82','2020-01-28',1,'Search(get)','succesful query.'),('b1111bd1e86744a79fcb62bab0047bef','2020-01-28',6,'SQLInjection(stored)','Database created successfully'),('b1111bd1e86744a79fcb62bab0047bef','2020-01-28',6,'SQLInjection(stored)','Database created successfully'),('c862631db6c344979c2c33421f90bfe3','2020-01-28',9,'iframeinjection','Successful Attempt'),('7e194eea174e4e6987ef2420ecaa451b','2020-01-28',11,'css(stored)','Database created successfully'),('7e194eea174e4e6987ef2420ecaa451b','2020-01-28',11,'css(stored)','Database created successfully'),('7e194eea174e4e6987ef2420ecaa451b','2020-01-28',12,'css(reflected)','success'),('7e194eea174e4e6987ef2420ecaa451b','2020-01-28',12,'css(reflected)','success'),('7e194eea174e4e6987ef2420ecaa451b','2020-01-28',12,'css(reflected)','success'),('7e194eea174e4e6987ef2420ecaa451b','2020-01-28',12,'css(reflected)','success'),('7e194eea174e4e6987ef2420ecaa451b','2020-01-28',13,'css(dom)','success'),('7e194eea174e4e6987ef2420ecaa451b','2020-01-28',11,'css(stored)','Database created successfully'),('7e194eea174e4e6987ef2420ecaa451b','2020-01-28',11,'css(stored)','Database created successfully'),('7e194eea174e4e6987ef2420ecaa451b','2020-01-28',11,'css(stored)','Database created successfully'),('7e194eea174e4e6987ef2420ecaa451b','2020-01-28',11,'css(stored)','Database created successfully'),('7e194eea174e4e6987ef2420ecaa451b','2020-01-28',11,'css(stored)','Database created successfully'),('7e194eea174e4e6987ef2420ecaa451b','2020-01-28',11,'css(stored)','Database created successfully'),('7e194eea174e4e6987ef2420ecaa451b','2020-01-28',11,'css(stored)','Database created successfully'),('7e194eea174e4e6987ef2420ecaa451b','2020-01-28',11,'css(stored)','Database created successfully'),('7e194eea174e4e6987ef2420ecaa451b','2020-01-28',12,'css(reflected)','success'),('7e194eea174e4e6987ef2420ecaa451b','2020-01-28',13,'css(dom)','success'),('7e194eea174e4e6987ef2420ecaa451b','2020-01-28',11,'css(stored)','Database created successfully'),('7e194eea174e4e6987ef2420ecaa451b','2020-01-28',12,'css(reflected)','success'),('7e194eea174e4e6987ef2420ecaa451b','2020-01-28',11,'css(stored)','Database created successfully'),('7e194eea174e4e6987ef2420ecaa451b','2020-01-28',12,'css(reflected)','success'),('7e194eea174e4e6987ef2420ecaa451b','2020-01-28',12,'css(reflected)','success'),('7e194eea174e4e6987ef2420ecaa451b','2020-01-28',13,'css(dom)','success'),('7e194eea174e4e6987ef2420ecaa451b','2020-01-28',13,'css(dom)','success'),('7e194eea174e4e6987ef2420ecaa451b','2020-01-28',12,'css(reflected)','success'),('7e194eea174e4e6987ef2420ecaa451b','2020-01-28',21,'HtmlInjection(stored)','Database created successfully'),('7e194eea174e4e6987ef2420ecaa451b','2020-01-28',21,'HtmlInjection(stored)','Database created successfully'),('7e194eea174e4e6987ef2420ecaa451b','2020-01-28',21,'HtmlInjection(stored)','Database created successfully'),('7e194eea174e4e6987ef2420ecaa451b','2020-01-28',21,'HtmlInjection(stored)','Database created successfully'),('7e194eea174e4e6987ef2420ecaa451b','2020-01-28',21,'HtmlInjection(stored)','Database created successfully'),('7e194eea174e4e6987ef2420ecaa451b','2020-01-28',21,'HtmlInjection(stored)','Database created successfully'),('7e194eea174e4e6987ef2420ecaa451b','2020-01-28',21,'HtmlInjection(stored)','Database created successfully'),('ce70006e09904e2faeea276fc841f9d0','2020-01-28',10,'Bruteforce','Successful login'),('ce70006e09904e2faeea276fc841f9d0','2020-01-28',11,'css(stored)','Database created successfully'),('ce70006e09904e2faeea276fc841f9d0','2020-01-28',12,'css(reflected)','success'),('ce70006e09904e2faeea276fc841f9d0','2020-01-28',12,'css(reflected)','success'),('ce70006e09904e2faeea276fc841f9d0','2020-01-28',13,'css(dom)','success'),('8197e37b5ff54bebb680971d1b62fb69','2020-01-28',14,'ba_captchabypass','Not success'),('bc13dc6ed3c44edeb1d470efa3722e84','2020-01-28',14,'ba_captchabypass','success'),('8197e37b5ff54bebb680971d1b62fb69','2020-01-28',1,'Search(get)','succesful query.'),('8197e37b5ff54bebb680971d1b62fb69','2020-01-28',23,'xml_search','Movie found'),('8197e37b5ff54bebb680971d1b62fb69','2020-01-28',1,'Search(get)','succesful query.'),('780e9dcc04b24cc79871292aa375505b','2020-01-28',3,'Select(get)','succesful query.'),('780e9dcc04b24cc79871292aa375505b','2020-01-28',3,'Select(get)','succesful query.'),('780e9dcc04b24cc79871292aa375505b','2020-01-28',3,'Select(get)','succesful query.'),('780e9dcc04b24cc79871292aa375505b','2020-01-28',3,'Select(get)','succesful query.'),('780e9dcc04b24cc79871292aa375505b','2020-01-28',3,'Select(get)','succesful query.'),('780e9dcc04b24cc79871292aa375505b','2020-01-28',3,'Select(get)','succesful query.'),('780e9dcc04b24cc79871292aa375505b','2020-01-28',3,'Select(get)','succesful query.'),('780e9dcc04b24cc79871292aa375505b','2020-01-28',3,'Select(get)','succesful query.'),('780e9dcc04b24cc79871292aa375505b','2020-01-28',3,'Select(get)','succesful query.'),('780e9dcc04b24cc79871292aa375505b','2020-01-28',3,'Select(get)','succesful query.'),('780e9dcc04b24cc79871292aa375505b','2020-01-28',3,'Select(get)','succesful query.'),('780e9dcc04b24cc79871292aa375505b','2020-01-28',1,'Search(get)','succesful query.'),('780e9dcc04b24cc79871292aa375505b','2020-01-28',1,'Search(get)','succesful query.'),('e30a16d2b9aa469c859796d9f5a64494','2020-01-28',14,'ba_captchabypass','success'),('3e1669d33fde4ec897d302ceb8e7a290','2020-01-28',15,'ba_captchabypass2','Not success'),('3e1669d33fde4ec897d302ceb8e7a290','2020-01-28',15,'ba_captchabypass2','Not success'),('3e1669d33fde4ec897d302ceb8e7a290','2020-01-28',15,'ba_captchabypass2','success'),('c904cf551a92495a9375ddfb4bece46e','2020-01-28',9,'iframeinjection','Successful Attempt'),('f11cabedc9f544daafd68a66857a370a','2020-01-28',9,'iframeinjection','Successful Attempt'),('f11cabedc9f544daafd68a66857a370a','2020-01-28',9,'iframeinjection','Successful Attempt'),('f11cabedc9f544daafd68a66857a370a','2020-01-28',9,'iframeinjection','Successful Attempt'),('fde1a5066f574955ba8843b9caa21dae','2020-01-28',17,'ba_passwordattack','Invalid username or password'),('fde1a5066f574955ba8843b9caa21dae','2020-01-28',17,'ba_passwordattack','Invalid username or password'),('fde1a5066f574955ba8843b9caa21dae','2020-01-28',17,'ba_passwordattack','Successful login'),('fde1a5066f574955ba8843b9caa21dae','2020-01-28',17,'ba_passwordattack','Successful login'),('e830eea930944c63bf80ab9500fd07c0','2020-01-28',18,'ba_loginforms','Successful login'),('f5e40ba4d4ce4fe1b9f7af237db83445','2020-01-28',19,'ba_logout','Successful Attempt'),('f5e40ba4d4ce4fe1b9f7af237db83445','2020-01-28',19,'ba_logout','Successful Attempt'),('f5e40ba4d4ce4fe1b9f7af237db83445','2020-01-28',19,'ba_logout','Successful Attempt'),('23354c055a2d4fecb383cead065f4915','2020-01-28',19,'ba_logout','Successful Attempt'),('23354c055a2d4fecb383cead065f4915','2020-01-28',19,'ba_logout','Successful Attempt'),('57d7a7712cea46d5a16aeee2ec29436d','2020-01-28',19,'ba_logout','Successful Attempt'),('57d7a7712cea46d5a16aeee2ec29436d','2020-01-28',19,'ba_logout','Successful Attempt'),('7f70cdb02cb74a5ea5e286a0807bb97a','2020-01-28',19,'ba_logout','Successful Attempt'),('7f70cdb02cb74a5ea5e286a0807bb97a','2020-01-28',19,'ba_logout','Successful Attempt'),('1342e740ed524c0e9b03e0b96a02305c','2020-01-28',19,'ba_logout','Not Successful Attempt'),('1342e740ed524c0e9b03e0b96a02305c','2020-01-28',19,'ba_logout','Successful Attempt'),('1342e740ed524c0e9b03e0b96a02305c','2020-01-28',19,'ba_logout','Successful Attempt'),('1342e740ed524c0e9b03e0b96a02305c','2020-01-28',19,'ba_logout','Not Successful Attempt'),('1342e740ed524c0e9b03e0b96a02305c','2020-01-28',19,'ba_logout','Not Successful Attempt'),('1342e740ed524c0e9b03e0b96a02305c','2020-01-28',19,'ba_logout','Not Successful Attempt'),('6dc1e7ad626b48a08f9cf88d04c2527e','2020-01-28',19,'ba_logout','Not Successful Attempt'),('6dc1e7ad626b48a08f9cf88d04c2527e','2020-01-28',19,'ba_logout','Not Successful Attempt'),('4686a6e5ae744baa85fddafbefc07dd7','2020-01-28',19,'ba_logout','Not Successful Attempt'),('4686a6e5ae744baa85fddafbefc07dd7','2020-01-28',19,'ba_logout','Not Successful Attempt'),('47af66ac715640c98f57af59adb2ea14','2020-01-28',19,'ba_logout','Not Successful Attempt'),('47af66ac715640c98f57af59adb2ea14','2020-01-28',19,'ba_logout','Not Successful Attempt'),('47af66ac715640c98f57af59adb2ea14','2020-01-28',19,'ba_logout','Successful Attempt'),('47af66ac715640c98f57af59adb2ea14','2020-01-28',19,'ba_logout','Successful Attempt'),('b2f0fa4cd3454a86823b06db2c6e5c6f','2020-01-28',19,'ba_logout','Not Successful Attempt'),('b2f0fa4cd3454a86823b06db2c6e5c6f','2020-01-28',19,'ba_logout','Not Successful Attempt'),('b2f0fa4cd3454a86823b06db2c6e5c6f','2020-01-28',19,'ba_logout','Not Successful Attempt'),('659772678db84cc397c98a9ce4eef446','2020-01-28',19,'ba_logout','Not Successful Attempt'),('b2b7e475195f4fc5b3decebda37dc19c','2020-01-28',19,'ba_logout','Not Successful Attempt'),('b2b7e475195f4fc5b3decebda37dc19c','2020-01-28',19,'ba_logout','Not Successful Attempt'),('c00e88b690004d8e87f3217a29949283','2020-01-28',19,'ba_logout','Not Successful Attempt'),('61f6b652a45a4941b087b6a73a523dc2','2020-01-28',19,'ba_logout','Not Successful Attempt'),('fd6c53868dee4a74a7214405b4286c83','2020-01-28',19,'ba_logout','Not Successful Attempt'),('fd6c53868dee4a74a7214405b4286c83','2020-01-28',19,'ba_logout','Successful Attempt'),('fd6c53868dee4a74a7214405b4286c83','2020-01-28',19,'ba_logout','Successful Attempt'),('6167ff7e2b534bd5951eb26424dd0a40','2020-01-28',1,'Search(get)','succesful query.'),('6167ff7e2b534bd5951eb26424dd0a40','2020-01-28',1,'Search(get)','succesful query.'),('80429572689943b48c226ecde30db5d6','2020-01-28',19,'ba_logout','Not Successful Attempt'),('80429572689943b48c226ecde30db5d6','2020-01-28',19,'ba_logout','Successful Attempt'),('7a09092c421d4a39a147d6b1fe63e628','2020-01-28',20,'HtmlInjection(reflected)','success'),('7a09092c421d4a39a147d6b1fe63e628','2020-01-28',20,'HtmlInjection(reflected)','success'),('7a09092c421d4a39a147d6b1fe63e628','2020-01-28',21,'HtmlInjection(stored)','Database created successfully'),('87b5dc40ef294663a410b6dc73076ae3','2020-01-28',22,'xml_login','Successful login'),('87b5dc40ef294663a410b6dc73076ae3','2020-01-28',23,'xml_search','Movie found'),('87b5dc40ef294663a410b6dc73076ae3','2020-01-28',23,'xml_search','Movie found'),('87b5dc40ef294663a410b6dc73076ae3','2020-01-28',23,'xml_search','Movie found'),('87b5dc40ef294663a410b6dc73076ae3','2020-01-28',23,'xml_search','Movie found'),('87b5dc40ef294663a410b6dc73076ae3','2020-01-28',23,'xml_search','Movie found'),('87b5dc40ef294663a410b6dc73076ae3','2020-01-28',23,'xml_search','Movie found'),('87b5dc40ef294663a410b6dc73076ae3','2020-01-28',23,'xml_search','Movie found'),('87b5dc40ef294663a410b6dc73076ae3','2020-01-28',23,'xml_search','Movie found'),('87b5dc40ef294663a410b6dc73076ae3','2020-01-28',23,'xml_search','Movie found'),('87b5dc40ef294663a410b6dc73076ae3','2020-01-28',23,'xml_search','Movie found'),('87b5dc40ef294663a410b6dc73076ae3','2020-01-28',23,'xml_search','Movie not found'),('87b5dc40ef294663a410b6dc73076ae3','2020-01-28',23,'xml_search','Movie not found'),('87b5dc40ef294663a410b6dc73076ae3','2020-01-28',23,'xml_search','Movie not found'),('87b5dc40ef294663a410b6dc73076ae3','2020-01-28',23,'xml_search','Movie found'),('87b5dc40ef294663a410b6dc73076ae3','2020-01-28',23,'xml_search','Movie found'),('87b5dc40ef294663a410b6dc73076ae3','2020-01-28',23,'xml_search','Movie found'),('87b5dc40ef294663a410b6dc73076ae3','2020-01-28',23,'xml_search','Movie found'),('94c466954c21431cab8a70672d6e32d4','2020-01-28',24,'smngmnt_admin','Admin login successful'),('94c466954c21431cab8a70672d6e32d4','2020-01-28',24,'smngmnt_admin','Not admin'),('94c466954c21431cab8a70672d6e32d4','2020-01-28',25,'smngmnt_cookies','Not admin'),('94c466954c21431cab8a70672d6e32d4','2020-01-28',25,'smngmnt_cookies','Admin login successful'),('deeb37dabbbd492084951a0e7a290fea','2020-01-28',1,'Search(get)','succesful query.'),('19c93b4190604ce99f99c52f40bea4a2','2020-01-28',2,'Search(post)','succesful query.'),('19c93b4190604ce99f99c52f40bea4a2','2020-01-28',2,'Search(post)','succesful query.'),('eb209ee2749742a08ff3f86cd2608f2b','2020-01-30',1,'Search(get)','succesful query.'),('eb209ee2749742a08ff3f86cd2608f2b','2020-01-30',1,'Search(get)','succesful query.'),('eb209ee2749742a08ff3f86cd2608f2b','2020-01-30',1,'Search(get)','succesful query.'),('eb209ee2749742a08ff3f86cd2608f2b','2020-01-30',1,'Search(get)','succesful query.'),('eb209ee2749742a08ff3f86cd2608f2b','2020-01-30',1,'Search(get)','succesful query. but no results found'),('eb209ee2749742a08ff3f86cd2608f2b','2020-01-30',1,'Search(get)','succesful query.'),('eb209ee2749742a08ff3f86cd2608f2b','2020-01-30',1,'Search(get)','succesful query.'),('eb209ee2749742a08ff3f86cd2608f2b','2020-01-30',1,'Search(get)','succesful query.'),('eb209ee2749742a08ff3f86cd2608f2b','2020-01-30',1,'Search(get)','succesful query.'),('eb209ee2749742a08ff3f86cd2608f2b','2020-01-30',1,'Search(get)','succesful query.'),('eb209ee2749742a08ff3f86cd2608f2b','2020-01-30',1,'Search(get)','succesful query.'),('eb209ee2749742a08ff3f86cd2608f2b','2020-01-30',1,'Search(get)','succesful query.'),('eb209ee2749742a08ff3f86cd2608f2b','2020-01-30',1,'Search(get)','succesful query.'),('cf6aa8e24e3f4ec88518f6cf8722add2','2020-01-30',2,'Search(post)','succesful query.'),('cf6aa8e24e3f4ec88518f6cf8722add2','2020-01-30',2,'Search(post)','succesful query.'),('cf6aa8e24e3f4ec88518f6cf8722add2','2020-01-30',2,'Search(post)','succesful query.'),('bea058c80b60414089880797d024a33e','2020-01-30',3,'Select(get)','succesful query.'),('bea058c80b60414089880797d024a33e','2020-01-30',3,'Select(get)','succesful query.'),('bea058c80b60414089880797d024a33e','2020-01-30',3,'Select(get)','succesful query.'),('bea058c80b60414089880797d024a33e','2020-01-30',3,'Select(get)','succesful query.'),('dcd68ad2364647e3927e4b4702e56f34','2020-01-30',4,'Select(post)','succesful query.'),('dcd68ad2364647e3927e4b4702e56f34','2020-01-30',4,'Select(post)','succesful query.'),('dcd68ad2364647e3927e4b4702e56f34','2020-01-30',4,'Select(post)','succesful query.'),('55de2921b0e048509305b9f503453ca6','2020-01-30',5,'blindinjection(boolean)','The Ball exists in the the database'),('a36147a89e204c0a8017a2c3d5479712','2020-01-30',8,'os_commandinjection','command run succesfully'),('a36147a89e204c0a8017a2c3d5479712','2020-01-30',8,'os_commandinjection','command run succesfully'),('a36147a89e204c0a8017a2c3d5479712','2020-01-30',8,'os_commandinjection','command run succesfully'),('a36147a89e204c0a8017a2c3d5479712','2020-01-30',8,'os_commandinjection','command run succesfully'),('2595417869c14af096efdd12580d9cca','2020-01-30',9,'iframeinjection','Successful Attempt'),('f120c789630b4fda952c4a0897c7fae5','2020-01-30',10,'Bruteforce','Invalid username or password'),('f120c789630b4fda952c4a0897c7fae5','2020-01-30',10,'Bruteforce','Successful login'),('46da07fdef7a40e5922abb55754bee5a','2020-01-30',11,'css(stored)','Database created successfully'),('5ffc4e5cbf6b45c48adde508e86e9168','2020-01-30',12,'css(reflected)','success'),('77b7463f214243de8a6a636a75441596','2020-01-30',13,'css(dom)','success'),('77b7463f214243de8a6a636a75441596','2020-01-30',13,'css(dom)','success'),('77b7463f214243de8a6a636a75441596','2020-01-30',13,'css(dom)','success'),('373ad5193ebc44728ade7940a65ea0da','2020-01-30',14,'ba_captchabypass','success'),('38877e8dc6b94d319809878e6a116645','2020-01-30',15,'ba_searchcaptcha','Not success'),('38877e8dc6b94d319809878e6a116645','2020-01-30',15,'ba_searchcaptcha','success'),('5a5c307abfb24c83905916d9322704f8','2020-01-30',17,'ba_passwordattack','Successful login'),('ae4ecc9ed180488f864998f6c752fcfb','2020-01-30',18,'ba_loginforms','Successful login'),('b3f0f49112c349e496c885da4d39a45a','2020-01-30',19,'ba_logout','Not Successful Attempt'),('b3f0f49112c349e496c885da4d39a45a','2020-01-30',19,'ba_logout','Successful Attempt'),('a2b4b1332a624e65a96cf14bbe7401a0','2020-01-30',20,'HtmlInjection(reflected)','success'),('6d1bc12f7f474368842446dea34616ae','2020-01-30',21,'HtmlInjection(stored)','Database created successfully'),('df80c908529b412e910191541118c9f4','2020-01-30',22,'xml_login','Successful login'),('a1acddd5709e4866922e728458a26f83','2020-01-30',23,'xml_search','Movie found'),('a1acddd5709e4866922e728458a26f83','2020-01-30',23,'xml_search','Movie found'),('a1acddd5709e4866922e728458a26f83','2020-01-30',23,'xml_search','Movie found'),('a1acddd5709e4866922e728458a26f83','2020-01-30',23,'xml_search','Movie found'),('a26bd6b4f1b94ad3ba29b8feba1c37e4','2020-01-30',24,'smngmnt_admin','Admin login successful'),('db5c087a429b4367b332c1f1e8d690e0','2020-01-30',25,'smngmnt_cookies','Admin login successful'),('7db2444c33bb44ac937ca2520ed5f92e','2020-01-31',25,'smngmnt_cookies','Not admin'),('7db2444c33bb44ac937ca2520ed5f92e','2020-01-31',25,'smngmnt_cookies','Admin login successful by admin'),('7335f445b79a41c98fa6a7dd604a66c4','2020-01-31',25,'smngmnt_cookies','Not admin'),('7335f445b79a41c98fa6a7dd604a66c4','2020-01-31',25,'smngmnt_cookies','Admin login successful by another user');
/*!40000 ALTER TABLE `useractivitylogtable` ENABLE KEYS */;
UNLOCK TABLES;

--
-- Table structure for table `userassessmenttable`
--

DROP TABLE IF EXISTS `userassessmenttable`;
/*!40101 SET @saved_cs_client     = @@character_set_client */;
/*!50503 SET character_set_client = utf8mb4 */;
CREATE TABLE `userassessmenttable` (
  `username` varchar(50) DEFAULT NULL,
  `problemid` int(11) DEFAULT NULL,
  `sessionid` varchar(200) DEFAULT NULL,
  `answer` varchar(1000) DEFAULT NULL,
  `date` datetime DEFAULT NULL,
  `activitylog` varchar(255) DEFAULT NULL,
  `status` varchar(200) DEFAULT NULL
) ENGINE=InnoDB DEFAULT CHARSET=utf8mb4 COLLATE=utf8mb4_general_ci;
/*!40101 SET character_set_client = @saved_cs_client */;

--
-- Dumping data for table `userassessmenttable`
--

LOCK TABLES `userassessmenttable` WRITE;
/*!40000 ALTER TABLE `userassessmenttable` DISABLE KEYS */;
INSERT INTO `userassessmenttable` VALUES ('khalid',1,'eb209ee2749742a08ff3f86cd2608f2b','deviscool','2020-01-30','eb209ee2749742a08ff3f86cd2608f2b 2020-01-30 succesful query. Search(get)','correct answer'),('khalid',2,'cf6aa8e24e3f4ec88518f6cf8722add2','cat','2020-01-30','cf6aa8e24e3f4ec88518f6cf8722add2 2020-01-30 succesful query. Search(post)','correct answer'),('khalid',3,'bea058c80b60414089880797d024a33e','3','2020-01-30','bea058c80b60414089880797d024a33e 2020-01-30 succesful query. Select(get)','correct answer'),('khalid',4,'dcd68ad2364647e3927e4b4702e56f34','2','2020-01-30','dcd68ad2364647e3927e4b4702e56f34 2020-01-30 succesful query. Select(post)','correct answer'),('khalid',5,'55de2921b0e048509305b9f503453ca6','edure','2020-01-30','55de2921b0e048509305b9f503453ca6 2020-01-30 The Ball exists in the the database blindinjection(boolean)','correct answer'),('khalid',6,'5c04b47e51c34a20909f93f347979bb5','PasswordIsPassword','2020-01-30','','correct answer'),('khalid',7,'ef610062c8b946d9a96d459438e91889','1 tom Tom tomiscool 10101 1p1p1 32 dog','2020-01-30','','correct answer'),('khalid',8,'a36147a89e204c0a8017a2c3d5479712','Forgotnewpassword','2020-01-30','a36147a89e204c0a8017a2c3d5479712 2020-01-30 command run succesfully os_commandinjection','correct answer'),('khalid',9,'2595417869c14af096efdd12580d9cca','frameinjected','2020-01-30','2595417869c14af096efdd12580d9cca 2020-01-30 Successful Attempt iframeinjection','correct answer'),('khalid',10,'f120c789630b4fda952c4a0897c7fae5','chelsea=lovers','2020-01-30','f120c789630b4fda952c4a0897c7fae5 2020-01-30 Successful login Bruteforce','correct answer'),('khalid',11,'46da07fdef7a40e5922abb55754bee5a','edureka=hackmeifyoucan','2020-01-30','46da07fdef7a40e5922abb55754bee5a 2020-01-30 Database created successfully css(stored)','correct answer'),('khalid',12,'5ffc4e5cbf6b45c48adde508e86e9168','titanic=iamthekingoftheworld','2020-01-30','5ffc4e5cbf6b45c48adde508e86e9168 2020-01-30 success css(reflected)','correct answer'),('khalid',13,'77b7463f214243de8a6a636a75441596','starwars=maytheforcebewithyou','2020-01-30','77b7463f214243de8a6a636a75441596 2020-01-30 success css(dom)','correct answer'),('khalid',14,'373ad5193ebc44728ade7940a65ea0da','captchabypassed','2020-01-30','373ad5193ebc44728ade7940a65ea0da 2020-01-30 success ba_captchabypass','correct answer'),('khalid',15,'38877e8dc6b94d319809878e6a116645','captchafound','2020-01-30','38877e8dc6b94d319809878e6a116645 2020-01-30 success ba_searchcaptcha','correct answer'),('khalid',17,'5a5c307abfb24c83905916d9322704f8','masterpassword','2020-01-30','5a5c307abfb24c83905916d9322704f8 2020-01-30 Successful login ba_passwordattack','correct answer'),('khalid',18,'ae4ecc9ed180488f864998f6c752fcfb','3 Idiots=All is well','2020-01-30','ae4ecc9ed180488f864998f6c752fcfb 2020-01-30 Successful login ba_loginforms','correct answer'),('khalid',19,'b3f0f49112c349e496c885da4d39a45a','userinsessionwithoutlogin','2020-01-30','b3f0f49112c349e496c885da4d39a45a 2020-01-30 Successful Attempt ba_logout','correct answer'),('khalid',20,'a2b4b1332a624e65a96cf14bbe7401a0','hrefused','2020-01-30','a2b4b1332a624e65a96cf14bbe7401a0 2020-01-30 success HtmlInjection(reflected)','correct answer'),('khalid',21,'6d1bc12f7f474368842446dea34616ae','findingnemo=justkeepswimming','2020-01-30','6d1bc12f7f474368842446dea34616ae 2020-01-30 Database created successfully HtmlInjection(stored)','correct answer'),('khalid',22,'df80c908529b412e910191541118c9f4','star by chance','2020-01-30','df80c908529b412e910191541118c9f4 2020-01-30 Successful login xml_login','correct answer'),('khalid',23,'a1acddd5709e4866922e728458a26f83','OmShantiOm','2020-01-30','a1acddd5709e4866922e728458a26f83 2020-01-30 Movie found xml_search','correct answer'),('khalid',24,'a26bd6b4f1b94ad3ba29b8feba1c37e4','adminlogin','2020-01-30','a26bd6b4f1b94ad3ba29b8feba1c37e4 2020-01-30 Admin login successful smngmnt_admin','correct answer'),('khalid',25,'db5c087a429b4367b332c1f1e8d690e0','adminlogincookies','2020-01-30','db5c087a429b4367b332c1f1e8d690e0 2020-01-30 Admin login successful smngmnt_cookies','correct answer'),('khalid',25,'7335f445b79a41c98fa6a7dd604a66c4','adminlogincookies','2020-01-31','7335f445b79a41c98fa6a7dd604a66c4 2020-01-31 Admin login successful by another user smngmnt_cookies','correct answer');
/*!40000 ALTER TABLE `userassessmenttable` ENABLE KEYS */;
UNLOCK TABLES;

--
-- Table structure for table `userinfo`
--

DROP TABLE IF EXISTS `userinfo`;
/*!40101 SET @saved_cs_client     = @@character_set_client */;
/*!50503 SET character_set_client = utf8mb4 */;
CREATE TABLE `userinfo` (
  `hostname` varchar(60) DEFAULT NULL,
  `username` varchar(60) DEFAULT NULL,
  `servername` varchar(60) DEFAULT NULL,
  `sessionid` varchar(200) DEFAULT NULL,
  `epochtime` int(12) DEFAULT NULL
) ENGINE=InnoDB DEFAULT CHARSET=utf8mb4 COLLATE=utf8mb4_general_ci;
/*!40101 SET character_set_client = @saved_cs_client */;

--
-- Dumping data for table `userinfo`
--

LOCK TABLES `userinfo` WRITE;
/*!40000 ALTER TABLE `userinfo` DISABLE KEYS */;
INSERT INTO `userinfo` VALUES ('bdec','khalid','localhost','4c47ba1ca6c04523a7e3f6273c6d5c48',1578832558),('bdec','khalid','localhost','390d8980681944cea078bbfdea0a2edb',1578849917),('bdec','khalid','localhost','d45814de14734434acb06bc2f8bc7edf',1578892847),('bdec','khalid','localhost','244d6d4ef52e4dc0a9a3b872008be980',1578978841),('bdec','khalid','localhost','ba9d543e91ec47539244f56816474cf6',1578985649),('bdec','khalid','localhost','6f239a44b74f442ead1efab02c917a64',1578985652),('bdec','khalid','localhost','7115ca54954348b79820f87ef4228db4',1578985750),('bdec','khalid','localhost','e415388e26064bf1b87f06e0f8f6e327',1579008925),('bdec','khalid','localhost','e3b5af861820448b943cd6c536a3711c',1579008931),('bdec','khalid','localhost','12b30e6a63da4eedaa74401ff5739f05',1579008936),('bdec','khalid','localhost','1b0dd67bca3c4af1a4e7ccd586b8ecac',1579008938),('bdec','khalid','localhost','65ff9029cebf424eabb308672d9ef4ec',1579008940),('bdec','khalid','localhost','9bf3d2e7ecdd4d188bff240c1aafd14f',1579009039),('bdec','khalid','localhost','f89bbbfccd9e4e8da06a74a0f8731fba',1579009044),('bdec','khalid','localhost','eff8e7f07cca47b28db50aacc62cab84',1579009047),('bdec','khalid','localhost','8b2ddaad367445cfafe72da408973ce4',1579081665),('bdec','khalid','localhost','defb1528a0fb4a3eba0dfdcb66875d5a',1579081681),('bdec','khalid','localhost','8ea871a3e07440f0ad450c165ee1de70',1579081799),('bdec','khalid','localhost','8b4f8bc35140451c97e090c2fcf62b64',1579081864),('bdec','khalid','localhost','d2b6af0f9a1c47c7b1305776beda6b06',1579082040),('bdec','khalid','localhost','4b85387b074d455e811d4f61248f6ec8',1579082145),('bdec','khalid','localhost','5d2cc17219e24ab3a0296357a4d50ae9',1579082147),('bdec','khalid','localhost','de09b7cbac12498188f3582a838fc3ec',1579084309),('bdec','khalid','localhost','bfd2e36ba4604992a85575e9bf5854a8',1579084310),('bdec','khalid','localhost','8e218021d04e4195a3d5979dcafc78b0',1579086236),('bdec','khalid','localhost','cca42e2db9014201bc496ef8cdb7cf3c',1579086239),('bdec','khalid','localhost','4981a6bdaaea413faefa0b9681a9c695',1579091074),('bdec','khalid','localhost','2be437b36221487c8308d96b0464e014',1579091078),('bdec','khalid','localhost','717408b5e02a47708e449f8e17761ee7',1579091130),('bdec','khalid','localhost','3d32206e725f4bf0b641a7a4553f1fc2',1579091169),('bdec','khalid','localhost','2ec47adcefd5449784660da153b8e945',1579091244),('bdec','khalid','localhost','cbeee9b515744426b2dd8571fcfd423e',1579091529),('bdec','khalid','localhost','18bdf97983644051abbd579a1ad58b5d',1579091736),('bdec','khalid','localhost','d9910b41bd8249ca9cd03e2ea7e95b3b',1579091817),('bdec','khalid','localhost','3bf7284491dd49edb8913f2edd03fade',1579091886),('bdec','khalid','localhost','b84f115170904995bd4978d731b83d68',1579092245),('bdec','khalid','localhost','c474d96ad37847fd9bb669a587c7102e',1579092258),('bdec','khalid','localhost','7ea3ddc09831416181973442efb8cf08',1579092538),('bdec','khalid','localhost','fc80869e1d7541cc88d768977e717132',1579103678),('bdec','khalid','localhost','e3f779e0b90b452eb7aa73b596699e9f',1579103680),('bdec','khalid','localhost','7af71c040be442f19c1e58128d51f827',1579142121),('bdec','khalid','localhost','57874f7b5a2943b59eafdcbb0a2de064',1579142124),('bdec','khalid','localhost','5390c4333fa2405fa357172612a85285',1579160521),('bdec','khalid','localhost','6b17125e26da4423a784be366731856d',1579160534),('bdec','khalid','localhost','0bd1ef9d80f84ad6992acf1421f05338',1579161418),('bdec','khalid','localhost','0ba9184607a34503b0aed6d80be88263',1579161420),('bdec','khalid','localhost','0e0ea658f7c3400a883dd1e4a56f8e16',1579165683),('bdec','khalid','localhost','5ee260d0f2c94d75bb02046eee1e4294',1579165685),('bdec','khalid','localhost','fb35e70a83c5450db89dc921e65f91f1',1579166006),('bdec','khalid','localhost','13da8dbf2e074140a7ced7ee6f7cc1fe',1579166279),('bdec','khalid','localhost','df86a1b7f2ca49af8cbff7f310e02dd1',1579166590),('bdec','khalid','localhost','db85eb0b42eb4a409ed6fce5ad2fde30',1579166592),('bdec','khalid','localhost','7fe6fa6ae06648868e6ecfe25818e3fa',1579166725),('bdec','khalid','localhost','c78968850b4d4ddfa8782c96c41e9d56',1579166727),('bdec','khalid','localhost','4a2b0a3104ab487ab6a0f753e397ab6c',1579166809),('bdec','khalid','localhost','8ae795aa11dd4bd1bdf0c9b83490ba23',1579166810),('bdec','khalid','localhost','959caabaa52d4928a950d5be843afb1b',1579166981),('bdec','khalid','localhost','f34abe43ad864aedbd7e6ae41168202b',1579166982),('bdec','khalid','localhost','eda3943579cb4d728a605db48cdea269',1579167193),('bdec','khalid','localhost','44944d578dee4e66a1a31f401e473e08',1579167197),('bdec','khalid','localhost','42c304f4ceb44544bf71a20464d85e61',1579167263),('bdec','khalid','localhost','d148e5cb7a6147d9ae488caca4eccd67',1579167266),('bdec','khalid','localhost','7951330ab7b94c36b4517f7077e7167f',1579167327),('bdec','khalid','localhost','22da97c973b44de48a8003a14ccdf4eb',1579167329),('bdec','khalid','localhost','d778ceaaa6ef49f58788c2a176327043',1579167861),('bdec','khalid','localhost','dbcb59090ce847a18df355a8fc5894f1',1579167864),('bdec','khalid','localhost','d7591a85b0db4dc18318f6af0faa9c76',1579174789),('bdec','khalid','localhost','f057107ac54847fa9c8bde5dbc81335d',1579174790),('bdec','khalid','localhost','deb0ed3a99144a9d99ba8fb847e9480c',1579175426),('bdec','khalid','localhost','a095f198ff8b4023a19f5151cf2eeb1d',1579178075),('bdec','khalid','localhost','29ccc50393bd41b3ac04bf1bb2db85cb',1579178077),('bdec','khalid','localhost','1132936b713a47078e06f46842ddbb94',1579235760),('bdec','khalid','localhost','b2934eeb41024c6db8f78f1c63990a05',1579235761),('bdec','khalid','localhost','1f6e863735774c0c8a5674925e972e1b',1579236993),('bdec','khalid','localhost','678d9f60cb15451aae3d39629a9ea10f',1579237041),('bdec','khalid','localhost','775d7f81b92e4c8c9d6cb0459ac01c52',1579239848),('bdec','khalid','localhost','ce9d36ed6c074705a703962e12782421',1579252346),('bdec','khalid','localhost','c15df7c2b64243a0b3a51af9e4535bdb',1579260947),('bdec','khalid','localhost','9cea2464e486484881b3c4dfa4debe87',1579260948),('bdec','khalid','localhost','51bd2aa99bc14499a2cc74cdc9f8154c',1579261276),('bdec','khalid','localhost','45412f46e8b44d99bab770b7ce84a3ee',1579410550),('bdec','khalid','localhost','1f65dcea53284af2813b917ab4aaa614',1579410551),('bdec','khalid','localhost','f111f2707cea4cd5bd9ba6d995240d70',1579410568),('bdec','khalid','localhost','2240cf338a234825876e3f2464fbdd52',1579411994),('bdec','khalid','localhost','83dbb0270e62443781ed3d13a1da7fae',1579411996),('bdec','khalid','localhost','8f49ea1bd58546edb044dc7dc705b1a5',1579414739),('bdec','khalid','localhost','fab3586aeffe438fa53bf62548eecb50',1579414740),('bdec','khalid','localhost','84d0632209a34c6590da2b71ac945c31',1579430734),('bdec','khalid','localhost','69a74756aaf1451ab49625e7d443d204',1579430743),('bdec','khalid','localhost','481afd1d5fe046fdabe951a8a9dc633b',1579433220),('bdec','khalid','localhost','2cec0f1fd729413d9d1fe13177feed6b',1579433275),('bdec','khalid','localhost','df8786b473ca4e77b34c050612245c14',1579439096),('bdec','khalid','localhost','e37a5f8293324b15a79921c00685027c',1579439216),('bdec','khalid','localhost','7f6d3a8bf2984119a3ac1a9a55732732',1579439553),('bdec','khalid','localhost','439b2819d8bf4f6cace7944ab13da96d',1579447473),('bdec','khalid','localhost','664a6efdcbb448fcbda33fe0f0d8b75f',1579447499),('bdec','khalid','localhost','0e77490a6c8841d5bbf2ed478e4c3d86',1579447617),('bdec','khalid','localhost','fce60f314d754db19fe1b24578e6ceee',1579447639),('bdec','khalid','localhost','6944476af58c4e42ba91d7747cf775a4',1579448660),('bdec','khalid','localhost','c21d414afb234f608fb9e5105f4293d2',1579449243),('bdec','khalid','localhost','238c06ee9f3c40b6b9cbdcd831e082a0',1579493871),('bdec','khalid','localhost','51a8dfaaa173431dbd48ed6dbf864d4d',1579493972),('bdec','khalid','localhost','ea6c8fc5327e493a9434d764e4ec1c0b',1579494018),('bdec','khalid','localhost','4d978c173cf84821aa8c6c8261c2e4a3',1579496566),('bdec','khalid','localhost','785f1c792e4d437a85ef63dd4d2cc2cd',1579496568),('bdec','khalid','localhost','c1895efbc4c14d5684f899dc26e28721',1579498812),('bdec','khalid','localhost','0f125f1e4ecd489092fb898518582c63',1579498814),('bdec','khalid','localhost','1bdaf8fddc5f4a539422a7e58dc2ba03',1579502184),('bdec','khalid','localhost','a097f68bfcef4329ba02252a7654c8e5',1579502524),('bdec','khalid','localhost','cacc9fefc2c9438392af2ab0158583d6',1579502526),('bdec','khalid','localhost','93df1cbd64cc44c8894895d0889eea9e',1579503019),('bdec','khalid','localhost','70a88812b3de47849e06ee9f137f66ed',1579503941),('bdec','khalid','localhost','5d1069e0d8e047d389ffd78683aacfd7',1579503945),('bdec','khalid','localhost','b4abad4c22c84cc18055a06ed88d62fd',1579504751),('bdec','khalid','localhost','3271f649dc244ee0bd28a1c2e9a76f2f',1579505980),('bdec','khalid','localhost','dc7725084e9a4f8bb9d4ba487e6b673c',1579507777),('bdec','khalid','localhost','747cea5a5c8942e4b01f30c79448f057',1579508102),('bdec','khalid','localhost','48c52af3912d4818bcf7585627f64504',1579518643),('bdec','khalid','localhost','367dce86a58d44d8808ffb3939dacc66',1579518646),('bdec','khalid','localhost','d5cd45c5dade4f8f87ed3b80f9889d9c',1579519367),('bdec','khalid','localhost','27a7ca944fbe46629d05ab6b43871d3a',1579519375),('bdec','khalid','localhost','ecd6013f989e4dfe9d4d30aa778c7e52',1579519849),('bdec','khalid','localhost','32ae35e2ad03459b96b38bcf5ba731d5',1579519903),('bdec','khalid','localhost','c2e96b77986e4fff82db35d05b13bc48',1579520593),('bdec','khalid','localhost','c70d31f0c09649cba56646e3faf643bc',1579520627),('bdec','khalid','localhost','d998d69d8d0c4cb58c0e6758b847b18b',1579527092),('bdec','khalid','localhost','414e1e1ad8d448f6a103671bfcaf9722',1579527095),('bdec','khalid','localhost','bc13dc6ed3c44edeb1d470efa3722e84',1579528106),('bdec','khalid','localhost','cfc993a36c40468dba3043960fe9ecaa',1579529132),('bdec','khalid','localhost','0835f092a30940a082c47405267bf809',1579530773),('bdec','khalid','localhost','a085f68babe1469794f17a612c07550f',1579530776),('bdec','khalid','localhost','843b2bfaf59f4d0caeda345128e77350',1579531376),('bdec','khalid','localhost','37986f9fc0544f7c9fdb40ce32ce0c88',1579531379),('bdec','khalid','localhost','bdea37df5cc546adbbc325b5693b8197',1579531850),('bdec','khalid','localhost','790b19aa3f2d4663a092ef641064f5f1',1579531851),('bdec','khalid','localhost','f03b4f93cd344ca9b91d488e9c2e9327',1579537961),('bdec','khalid','localhost','bc68e014da624cf79681b1bb1685e55f',1579537962),('bdec','khalid','localhost','92d8acd70834436dbc99d50f0c56ad80',1579539111),('bdec','khalid','localhost','965dbfc391ee49b2ae33de59183f1d84',1579543146),('bdec','khalid','localhost','45a691fa7cd9444d9b023e7d435d9e70',1579543147),('bdec','khalid','localhost','96bee6d1291b4c43b1dd0cd1d64e8ba5',1579545562),('bdec','khalid','localhost','79c34080d3c54b6ebef83ebea28b6d58',1579545563),('bdec','khalid','localhost','34b2bfa57e9749a8a62bcb8d12c0ea70',1579551901),('bdec','khalid','localhost','bf104284cc4e4cb6b7f708cf4648b290',1579551903),('bdec','khalid','localhost','246029320dd54614926369b5df6ac7aa',1579552418),('bdec','khalid','localhost','b8045e1328074cc29b8c54041efe9a0b',1579552420),('bdec','khalid','localhost','1a66b3c2d14b4fa49a0d53b2d071e7e1',1579582525),('bdec','khalid','localhost','71c1477ee7c1482784a69a9cb1fdb6d1',1579582525),('bdec','khalid','localhost','e6cb79ee0e19445383f7b5612e721882',1579582536),('bdec','khalid','localhost','1d09f52734ff4229b2f1c7264d8eba9d',1579582600),('bdec','khalid','localhost','4b9328220ef74e60aca38b5cded757cc',1579582612),('bdec','khalid','localhost','9d450141ee0e4a778457a017b8b9e95e',1579582627),('bdec','khalid','localhost','5cd0c3caaa854b6aa37e6aec4bf37604',1579583696),('bdec','khalid','localhost','ec6524f727314fdea9fd8cd4b1c71c16',1579583830),('bdec','khalid','localhost','562d7cd79ef24b35a7648c047450973b',1579588273),('bdec','khalid','localhost','3e64b3384efc4e8b93a222b86595430c',1579591754),('bdec','khalid','localhost','fe0f9055dc3d404ca20298dd99629517',1579591755),('bdec','khalid','localhost','f4c856862e914392aa572ecabb266ba3',1579591789),('bdec','khalid','localhost','33870de416de4067bdbe85af852adc61',1579591792),('bdec','khalid','localhost','bcf01190d5624d2ebfbec2c98a301037',1579591897),('bdec','khalid','localhost','8bd765f26db04d34acde777fe9d8d40b',1579591898),('bdec','khalid','localhost','5e24b760c5e841d6beb020c8c3540bc5',1579592097),('bdec','khalid','localhost','32999d72f90948fdb0877fd79b0566a7',1579592098),('bdec','khalid','localhost','a7ef520317ee43099bbb3f21bd495442',1579592166),('bdec','khalid','localhost','52c93a7e2a53479785631285cd0fdfe0',1579592166),('bdec','khalid','localhost','6896e0b3e7c24226a1440fbf3fee5c3f',1579592352),('bdec','khalid','localhost','4fd0de1a828d4647ba12809f2d481998',1579592353),('bdec','khalid','localhost','8115ed319c494a529e4cd49c8cd96385',1579593859),('bdec','khalid','localhost','6aa557ec0c47478b81be992e73ecc95d',1579593861),('bdec','khalid','localhost','498165619a814a998a09e320e14a060a',1579596493),('bdec','khalid','localhost','5618b1d6869f4c77b62327699121bb66',1579596496),('bdec','khalid','localhost','f41c97a71766482a800ceb3d0b1dd7c2',1579607260),('bdec','khalid','localhost','9d7a3104404141ad848d734b0aa60c5d',1579607261),('bdec','khalid','localhost','a9f96435458f44989aaf594037f48bfb',1579608205),('bdec','khalid','localhost','9a89bb6323cd4be68680ef53ba8e1d02',1579608206),('bdec','khalid','localhost','9bab118199ae4f02afe2f30513175bbc',1579669110),('bdec','khalid','localhost','91223fd3e10f414d98bd599e56753a17',1579669112),('bdec','khalid','localhost','2f7cca64dc7b413596fa8a535d8a2a4c',1579669300),('bdec','khalid','localhost','3b3362d8ad6b479b9f7a5eced30f62fe',1579669303),('bdec','khalid','localhost','1aa231670d9b4f1394411bc29f3f1e55',1579669425),('bdec','khalid','localhost','f2b4bf4064a04d3ea6dff5c6bf1e3c72',1579669427),('bdec','khalid','localhost','b4b9e29985ba4d32b7dd5c335aa50a87',1579669707),('bdec','khalid','localhost','cdf27765203e411b91cebb97eb91aa90',1579669709),('bdec','khalid','localhost','68c70a794d7a4ede8f2e155c6c190e4a',1579669903),('bdec','khalid','localhost','689b679612894dc08fc4199f089ec6b5',1579669905),('bdec','khalid','localhost','659d48a062e84a8fbf264f35955c981c',1579670144),('bdec','khalid','localhost','c0b70c65fd94408ca72a2ab94d6c9f76',1579670147),('bdec','khalid','localhost','011a6be9ddba4914ab68933d900ac38b',1579670297),('bdec','khalid','localhost','0ac28399fcd54c45b6638e15ccdddbdf',1579670298),('bdec','khalid','localhost','b5b3fdb61a7d4bd7ba611cadc4283cff',1579670410),('bdec','khalid','localhost','36805490d74047ee98a2b81d45bc4d7d',1579670411),('bdec','khalid','localhost','afcfdc3a1a0f4d5a9dd2a196201ec549',1579670491),('bdec','khalid','localhost','adba82b96ce6473b81264cc72eaabf64',1579670492),('bdec','khalid','localhost','21b3f6f5e38c4175bea8c30cbf1875ee',1579670608),('bdec','khalid','localhost','df4ab985aef2496b82eb5f0d232daf9d',1579670610),('bdec','khalid','localhost','6bb410a339ca4ecd9c670b258a54ae14',1579672119),('bdec','khalid','localhost','3dcf3a01dbeb426db55a6542068a84cd',1579672167),('bdec','khalid','localhost','2ac4809f52404d6da381bf8ee9828fb0',1579672169),('bdec','khalid','localhost','0b9e138bb960411fa668aa9e10e99c37',1579672186),('bdec','khalid','localhost','fe2543bac4d04f06a01847c0c9b7ea4b',1579684799),('bdec','khalid','localhost','190a88cbdac84386a553db0ec81ab201',1579684799),('bdec','khalid','localhost','4db33421e2cb44cbbfb5f1b3da0c4b86',1579747594),('bdec','khalid','localhost','8f4fa5c1b637444099847f60c579856d',1579752418),('bdec','khalid','localhost','67428bdc4c3b4cbc84f18153df5a72d4',1579773622),('bdec','khalid','localhost','e27dfeb70b744053a60e8a939f3c065f',1579773623),('bdec','khalid','localhost','efaa467cabc64adfb50b5d2d575c9695',1579775008),('bdec','khalid','localhost','48108530450b4afbb54e0164dc45a51b',1579775009),('bdec','khalid','localhost','d9e7f222b63a48e5a3339ad5793ae8d7',1579779553),('bdec','khalid','localhost','4429fabc965443dd9b707f7b3ae70424',1579788846),('bdec','khalid','localhost','4b7abbaefac34e2e9dce1e54e159e0b5',1579789023),('bdec','khalid','localhost','88a96be85f5a4fb591f6d6001c9927fb',1579789129),('bdec','khalid','localhost','aeaf2fc4b0c344d680b2e7d263c9f57d',1579789203),('bdec','khalid','localhost','206d2d3840c94c2988e9ec3633649b15',1579841323),('bdec','khalid','localhost','54a496ae7ccc4de0a35f3c72c1790dfb',1579841323),('bdec','khalid','localhost','50245d7fce1d40f89a0cbf65890d9528',1579841653),('bdec','khalid','localhost','571ff63f6c4d4979ad9a4cec657718d0',1579841657),('bdec','khalid','localhost','77361146855d40eb995988f2df7180ed',1579841668),('bdec','khalid','localhost','5d216d21ab4b484f9689d1748614a2d7',1579841887),('bdec','khalid','localhost','fa8b6cfe4e464cc1a7c5df4175ced171',1579841888),('bdec','khalid','localhost','3b2ddf8ceefb4908a6e677d5192389dd',1579841995),('bdec','khalid','localhost','43550622ec734264b7228dcc942d0e21',1579841999),('bdec','khalid','localhost','8dd578b6f40e4263851d9a6fc9562e62',1579842669),('bdec','khalid','localhost','05efce27c39747fa8d7d0146bf3a7f93',1579842671),('bdec','khalid','localhost','2773ebb7806940e4868006e2f4bd881d',1579843536),('bdec','khalid','localhost','5250e88c4c724f56836578dbbcce82b2',1579843539),('bdec','khalid','localhost','56f4035e3df04ae3a82781c894716834',1579845619),('bdec','khalid','localhost','fe0afbd756fb4551828bd1c98b779890',1579845623),('bdec','khalid','localhost','952fff8d0183419188ba9121660e5cde',1579848211),('bdec','khalid','localhost','c921f88db0574826a28f9a69a626f53c',1579848217),('bdec','khalid','localhost','6ba7e65b274c4d9491ab7e3b0660acde',1579869523),('bdec','khalid','localhost','f9d3d0c2507e4395955f0502bdfb858f',1579870506),('bdec','khalid','localhost','6617329f9f594d0a8d9d6ebe4da6a302',1579872332),('bdec','khalid','localhost','508bb0a64d834c04a33192e5d641925e',1579872334),('bdec','khalid','localhost','7f56f00942d143dcaa7e4819151c24a5',1579872864),('bdec','khalid','localhost','ec8d12a80c9648e2b02a839297c21e71',1579872867),('bdec','khalid','localhost','572455076f72405ca9bf9620def7e61c',1579874844),('bdec','khalid','localhost','e0a51b6fb6bf4677b3a11593c1a770fd',1579874848),('bdec','khalid','localhost','ef5440b8dd3c4146aa06a715a2addab7',1579876194),('bdec','khalid','localhost','a008011de2a4491483bb9823aaa9150e',1579876196),('bdec','khalid','localhost','3d891861cbaa48d5b24262e4b0efb7ca',1579876205),('bdec','khalid','localhost','7e7cf590461e4781b30eee2f9eeea36d',1579876297),('bdec','khalid','localhost','dce03409107a4e1c8fbe0b207c818d63',1579876299),('bdec','khalid','localhost','7bd5a73ffb604c4ba318b7469ec8e813',1579876308),('bdec','khalid','localhost','28aa8d8bf09e4d728cdb69d34ad16437',1579884240),('bdec','khalid','localhost','f26478f56c944c4c8f170f433207a419',1579884247),('bdec','khalid','localhost','6ee0235ef2da46a6b681f64ab85e15fd',1579886782),('bdec','khalid','localhost','f562673f8e534d679a8897701adb3dfa',1579886783),('bdec','khalid','localhost','1b6f7f695986427eb4905cdc0246f7bf',1579886803),('bdec','khalid','localhost','91491ab261424fe2bc4cf486bc5f9000',1579887753),('bdec','khalid','localhost','f03897773948458dbee57f5a377494c7',1579887756),('bdec','khalid','localhost','759c22ac4d894ba39ac1644b730e0034',1580106191),('bdec','khalid','localhost','fa13a30e40fb44daa39dc94728cbe756',1580106481),('bdec','khalid','localhost','6707029bc8054d15b39434dd397b421d',1580106483),('bdec','khalid','localhost','1b7831b4dac741c5865c5fb065ca6c7f',1580106597),('bdec','khalid','localhost','5abec145dbe946ffb27cdc53335357da',1580106600),('bdec','khalid','localhost','0c58169b1bf84d858ba7991aeba68875',1580115992),('bdec','khalid','localhost','f005b5babc064deeb776850848dcbe77',1580115994),('bdec','khalid','localhost','cd1968ccb06641529bb45f1c04b45168',1580188817),('bdec','khalid','localhost','b0eee32667944706b610fb48e79b50a3',1580189506),('bdec','khalid','localhost','70f4987d456f431aae909ad72b0c919b',1580189508),('bdec','khalid','localhost','2f00b4dd390f4deba08c36d1567535ae',1580189746),('bdec','khalid','localhost','c7f0cdc5072344f0b2a785fd9dd55b82',1580189748),('bdec','khalid','localhost','64ae97c0fed24140bfda88c80ed77874',1580189901),('bdec','khalid','localhost','b1111bd1e86744a79fcb62bab0047bef',1580189903),('bdec','khalid','localhost','f08197ebad954787b7d42c033c5200e2',1580190019),('bdec','khalid','localhost','c862631db6c344979c2c33421f90bfe3',1580190022),('bdec','khalid','localhost','520c796e043c48d2bc1b572bc03c1460',1580190247),('bdec','khalid','localhost','7e194eea174e4e6987ef2420ecaa451b',1580190249),('bdec','khalid','localhost','1d8c98b2a8714ece9a7d78b717fd3a4a',1580193402),('bdec','khalid','localhost','ce70006e09904e2faeea276fc841f9d0',1580193405),('bdec','khalid','localhost','8197e37b5ff54bebb680971d1b62fb69',1580194666),('bdec','khalid','localhost','780e9dcc04b24cc79871292aa375505b',1580195228),('bdec','khalid','localhost','e30a16d2b9aa469c859796d9f5a64494',1580195888),('bdec','khalid','localhost','87927cc006fc4f018947b9bdf0f3e4ee',1580195942),('bdec','khalid','localhost','3e1669d33fde4ec897d302ceb8e7a290',1580195944),('bdec','khalid','localhost','443247e45a0d4e18b48240cf1411b1be',1580196159),('bdec','khalid','localhost','c31f6c81df404b1186e0b6af3f476e60',1580196161),('bdec','khalid','localhost','c904cf551a92495a9375ddfb4bece46e',1580196646),('bdec','khalid','localhost','f11cabedc9f544daafd68a66857a370a',1580196658),('bdec','khalid','localhost','54ecb5ad2cab46979545d717245ad227',1580197654),('bdec','khalid','localhost','fde1a5066f574955ba8843b9caa21dae',1580197656),('bdec','khalid','localhost','e442d841ec2d4ffb93889419ea9098a0',1580197910),('bdec','khalid','localhost','e830eea930944c63bf80ab9500fd07c0',1580197912),('bdec','khalid','localhost','3078de81185b47c38e2ec7ab6b461c02',1580198037),('bdec','khalid','localhost','f5e40ba4d4ce4fe1b9f7af237db83445',1580198039),('bdec','khalid','localhost','23354c055a2d4fecb383cead065f4915',1580198305),('bdec','khalid','localhost','138fcf75c8c74efd9835bfe533091ad2',1580198485),('bdec','khalid','localhost','57d7a7712cea46d5a16aeee2ec29436d',1580198487),('bdec','khalid','localhost','2731ec06dded4c1094ae989b2d5298a4',1580198668),('bdec','khalid','localhost','7f70cdb02cb74a5ea5e286a0807bb97a',1580198669),('bdec','khalid','localhost','e4f8de6888834d6785a092c3fdd3e883',1580199520),('bdec','khalid','localhost','1d2f86c3892742fcb689f46240234789',1580199521),('bdec','khalid','localhost','3dc90b72ea6e4e1d822220ec9da35bf3',1580199820),('bdec','khalid','localhost','1342e740ed524c0e9b03e0b96a02305c',1580199822),('bdec','khalid','localhost','6dc1e7ad626b48a08f9cf88d04c2527e',1580200016),('bdec','khalid','localhost','4686a6e5ae744baa85fddafbefc07dd7',1580200269),('bdec','khalid','localhost','9e0b8aa7eadf472b84365ce23f00e95b',1580202271),('bdec','khalid','localhost','47af66ac715640c98f57af59adb2ea14',1580202275),('bdec','khalid','localhost','86c2db145f21485687f3390f47127fa1',1580203004),('bdec','khalid','localhost','645a6380e99d45648bb6e74f74061c78',1580203141),('bdec','khalid','localhost','b2f0fa4cd3454a86823b06db2c6e5c6f',1580203142),('bdec','khalid','localhost','3d8ceacec22e4beb827aaa18e0f3c6dd',1580204419),('bdec','khalid','localhost','659772678db84cc397c98a9ce4eef446',1580204421),('bdec','khalid','localhost','122666d934cf46eb8cd08d3dab6b881c',1580205335),('bdec','khalid','localhost','b2b7e475195f4fc5b3decebda37dc19c',1580205338),('bdec','khalid','localhost','1a7d7a71c6374aadaf81734236e3742d',1580205532),('bdec','khalid','localhost','c00e88b690004d8e87f3217a29949283',1580205534),('bdec','khalid','localhost','1db940d4172f4b84997003308d9c078d',1580205696),('bdec','khalid','localhost','61f6b652a45a4941b087b6a73a523dc2',1580205696),('bdec','khalid','localhost','fe9c0ed7893a4225aeec89f0df3b6685',1580205750),('bdec','khalid','localhost','fd6c53868dee4a74a7214405b4286c83',1580205752),('bdec','khalid','localhost','9812a63ff6a245a7afbc3f72d1e07cde',1580205996),('bdec','khalid','localhost','6167ff7e2b534bd5951eb26424dd0a40',1580205998),('bdec','khalid','localhost','52c6f1d03d6943429275cc7aa4fc7f53',1580206393),('bdec','khalid','localhost','80429572689943b48c226ecde30db5d6',1580206395),('bdec','khalid','localhost','ed14541523674d8b8c8a1864b02901f4',1580206446),('bdec','khalid','localhost','a2331d6d10724dd5b98a9cde691f8c65',1580206449),('bdec','khalid','localhost','3951e82d9eb84841b913775b13615094',1580207281),('bdec','khalid','localhost','7a09092c421d4a39a147d6b1fe63e628',1580207283),('bdec','khalid','localhost','fd3b3558f2ad448fab0ebf8dc69af912',1580207544),('bdec','khalid','localhost','8381baabe6ae455c92376eb53c33fe80',1580207549),('bdec','khalid','localhost','a0af7f9ce9924ae48af0a613af89ed6c',1580207609),('bdec','khalid','localhost','87b5dc40ef294663a410b6dc73076ae3',1580207610),('bdec','khalid','localhost','4e2c57b854e045b9b140112a9ba8cb4e',1580208721),('bdec','khalid','localhost','ffad0e6a9a6b4c03b352339b5b701056',1580208723),('bdec','khalid','localhost','94c466954c21431cab8a70672d6e32d4',1580208744),('bdec','khalid','localhost','7a69c4607c4e439e9ec3c3b227eebb86',1580209291),('bdec','khalid','localhost','7dde4c5a1c4446c2bd3771e8f309d06c',1580209311),('bdec','khalid','localhost','deeb37dabbbd492084951a0e7a290fea',1580209313),('bdec','khalid','localhost','19c93b4190604ce99f99c52f40bea4a2',1580218840),('0','khalid','localhost','46f516451fd54db78b1d384cc310f32d',1580387845),('0','khalid','localhost','c6f6501025e54edf949265330fa63423',1580387848),('0','khalid','localhost','eb209ee2749742a08ff3f86cd2608f2b',1580387912),('0','khalid','localhost','6185df2280ee4434b4ecd4803d2e0e31',1580388563),('0','khalid','localhost','cd45f08c7a3442958f06a9e000325b40',1580388567),('0','khalid','localhost','8ab467d61b4a4e3a86475eed8b8ea96a',1580388677),('0','khalid','localhost','be83bfbbebf249d58c0259deb4fc41c7',1580388721),('0','khalid','localhost','cf6aa8e24e3f4ec88518f6cf8722add2',1580388921),('0','khalid','localhost','bea058c80b60414089880797d024a33e',1580389440),('0','khalid','localhost','dcd68ad2364647e3927e4b4702e56f34',1580389460),('0','khalid','localhost','55de2921b0e048509305b9f503453ca6',1580389476),('0','khalid','localhost','5c04b47e51c34a20909f93f347979bb5',1580389501),('0','khalid','localhost','ef610062c8b946d9a96d459438e91889',1580389558),('0','khalid','localhost','a36147a89e204c0a8017a2c3d5479712',1580389613),('0','khalid','localhost','2595417869c14af096efdd12580d9cca',1580389698),('0','khalid','localhost','f120c789630b4fda952c4a0897c7fae5',1580389734),('0','khalid','localhost','46da07fdef7a40e5922abb55754bee5a',1580389767),('0','khalid','localhost','5ffc4e5cbf6b45c48adde508e86e9168',1580389863),('0','khalid','localhost','77b7463f214243de8a6a636a75441596',1580389892),('0','khalid','localhost','5a5c307abfb24c83905916d9322704f8',1580390034),('0','khalid','localhost','373ad5193ebc44728ade7940a65ea0da',1580390055),('0','khalid','localhost','38877e8dc6b94d319809878e6a116645',1580390126),('0','khalid','localhost','ae4ecc9ed180488f864998f6c752fcfb',1580390315),('0','khalid','localhost','b3f0f49112c349e496c885da4d39a45a',1580390355),('0','khalid','localhost','a2b4b1332a624e65a96cf14bbe7401a0',1580390435),('0','khalid','localhost','6d1bc12f7f474368842446dea34616ae',1580390487),('0','khalid','localhost','bf6c22a93feb42b089fe7dc63622a9a0',1580390531),('0','khalid','localhost','df80c908529b412e910191541118c9f4',1580390533),('0','khalid','localhost','a1acddd5709e4866922e728458a26f83',1580390565),('0','khalid','localhost','71f79afd6c974cd1a6f5bff46d1fdf7f',1580390600),('0','khalid','localhost','a26bd6b4f1b94ad3ba29b8feba1c37e4',1580390615),('0','khalid','localhost','db5c087a429b4367b332c1f1e8d690e0',1580390692),('0','khalid','localhost','c3719dd4a5914ab881cf6d549e03ff8f',1580451170),('0','khalid','localhost','23c0aa7aa86b458583726d39f08ffbbf',1580451172),('0','khalid','localhost','5dd21d18ba4f47c9a2c9a905c6389109',1580453568),('0','khalid','localhost','5166c885ee494b208395c748ceafa207',1580453570),('0','khalid','localhost','b77ffda3c32149a08fc6d77d1f641958',1580453719),('0','khalid','localhost','b725408cd8d5455faf359f0c305ae856',1580454125),('0','khalid','localhost','75512c47897f4ed6b6c20be6f89dd31e',1580454276),('0','khalid','localhost','04b8c152e03347119d088f66bd594ac4',1580454889),('0','khalid','localhost','c6c07d12311c4ad9b587628d0ec5e812',1580454965),('0','khalid','localhost','ee6911014f8844aaa0be0dd2dc735dbf',1580455127),('0','khalid','localhost','b7596522844e4be5be88a1a6cfcce780',1580455181),('0','khalid','localhost','f55b115c58a84f9598670a01a8e1cf0e',1580455225),('0','khalid','localhost','f2993b71a85e4127bfc5eb549c4cbd57',1580455274),('0','khalid','localhost','80fdcc9171ab4045b56eca464668f65e',1580455348),('0','khalid','localhost','9196d0e970ac4d2f8c7c3ad8c4f667fb',1580455399),('0','khalid','localhost','3efa1a042031418ca35c35904a87f228',1580455418),('0','khalid','localhost','1c16b3ec4d79419ea27144fc378a54b3',1580455436),('0','khalid','localhost','c4b26fb494b148c18e413b38a1099bc8',1580455799),('0','khalid','localhost','ff4ea07a04f549bc9daa0a7e076b1691',1580455812),('0','khalid','localhost','ffc45558b10e406f87627d769b0363a7',1580455846),('0','khalid','localhost','c44a34ef926a42b9a9fa0cf07f3b1937',1580456235),('0','khalid','localhost','3b42ae3f42894d68bb16c2e9f1be70d0',1580456284),('0','khalid','localhost','e8a42e38e1664db8b846b523d0c1af76',1580456333),('0','khalid','localhost','d88f7063f8994cb580911779830f9650',1580456346),('0','khalid','localhost','0d4e008070cc4d348a192b28b1aa0d45',1580456356),('0','khalid','localhost','480ed2150767411db6b5654e8ec9ad85',1580456380),('0','khalid','localhost','9dd44a2f0f154dd6995ed74628693adf',1580456397),('0','khalid','localhost','50fb8c95d5a54266b13c3e73089bc0b1',1580456420),('0','khalid','localhost','b2d8d6afe2034b0d8a4ae5e3ec4c9112',1580456459),('0','khalid','localhost','74855b61903a4484a36347646fbb9b17',1580456474),('0','khalid','localhost','a750d764538344b18e029240b15f5d2c',1580456545),('0','khalid','localhost','bf0a24935307491cb7416e08b2e94bd3',1580456586),('0','khalid','localhost','4063feef85d845adbc09c42bc3d3ed5a',1580456718),('0','khalid','localhost','880c1fc6eb02460181c3a581575809f2',1580456737),('0','khalid','localhost','bceb580b083e435b8e736521147de092',1580456814),('0','khalid','localhost','0601b5ebfd1641c3afff411727b987ca',1580456836),('0','khalid','localhost','318ba2889e0e466e83c46006400bf196',1580456862),('0','khalid','localhost','130f77fd9a22419c9e77e735cfefbe65',1580456882),('0','khalid','localhost','8dc92d3bf6b043c7a2a0398c6de51775',1580456976),('0','khalid','localhost','43c7851df1c34ddeb092977e7ff5685d',1580457052),('0','khalid','localhost','7db2444c33bb44ac937ca2520ed5f92e',1580460914),('0','khalid','localhost','7335f445b79a41c98fa6a7dd604a66c4',1580461633),('0','khalid','localhost','aa12e2173ac54a0e88a3282514d3aef7',1580462746);
/*!40000 ALTER TABLE `userinfo` ENABLE KEYS */;
UNLOCK TABLES;
/*!40103 SET TIME_ZONE=@OLD_TIME_ZONE */;

/*!40101 SET SQL_MODE=@OLD_SQL_MODE */;
/*!40014 SET FOREIGN_KEY_CHECKS=@OLD_FOREIGN_KEY_CHECKS */;
/*!40014 SET UNIQUE_CHECKS=@OLD_UNIQUE_CHECKS */;
/*!40101 SET CHARACTER_SET_CLIENT=@OLD_CHARACTER_SET_CLIENT */;
/*!40101 SET CHARACTER_SET_RESULTS=@OLD_CHARACTER_SET_RESULTS */;
/*!40101 SET COLLATION_CONNECTION=@OLD_COLLATION_CONNECTION */;
/*!40111 SET SQL_NOTES=@OLD_SQL_NOTES */;

-- Dump completed on 2020-01-31  3:30:17
